"","julian","moths","var","traps","pr0","DDs","trap_group"
"1",121,1.78461538461538,11.1780560524747,130,0,198.993790904372,1
"2",128,7.19847328244275,90.4526130358191,131,0,253.448087164678,1
"3",135,9.59848484848485,122.211600740227,132,0.0515290349045159,328.473335270289,1
"4",142,8.9469696969697,106.020067083044,132,0,413.464368058444,1
"5",149,4.09848484848485,32.3948068470969,132,0,527.562889952337,1
"6",156,3.49618320610687,18.9596007046389,131,0,655.957210828164,1
"7",163,2.02272727272727,8.84680777238029,132,0,741.233513956163,1
"8",170,1.18181818181818,2.76058292852186,132,0,834.740796779066,1
"9",177,1.40909090909091,3.98403886190146,132,0,968.534796779066,1
"10",184,0.757575757575758,1.92551468887347,132,0,1117.4226946282,1
"11",191,0.772727272727273,2.74184594031922,132,0,1257.8046946282,1
"12",198,0.954545454545455,6.12005551700208,132,0,1401.68781682103,1
"13",205,2.28030303030303,23.3330441822808,132,0,1580.50143376502,1
"14",212,2.00757575757576,12.6640643071941,132,0,1717.68843376502,1
"15",219,1.06060606060606,4.05736756881795,132,0,1859.67471290376,1
"16",226,2.17557251908397,14.0689371697005,131,0,1957.37650813177,1
"17",233,2.46969696969697,10.0983113578533,132,0.00524670912433012,2054.53182639437,1
"18",240,2.06060606060606,10.1795049733981,132,0.16488712033069,2155.22085315399,1
"19",121,0.0114285714285714,0.0113628899835796,175,0,183.471604292707,2
"20",128,0.158974358974359,0.268411313772139,195,0.255970591634558,209.196033936281,2
"21",135,0.441624365482233,1.80907489899513,197,0,249.104275927394,2
"22",142,1.55329949238579,10.7178079353569,197,0,298.214903207813,2
"23",149,4.09137055837563,50.8079353568839,197,0,372.13880900893,2
"24",156,3.36548223350254,36.5902310162644,197,0,462.51566416619,2
"25",163,2.26153846153846,18.1322759714512,195,0,572.710182607716,2
"26",170,1.20304568527919,5.85652128871853,197,0,675.082643429173,2
"27",177,0.355329949238579,0.873096446700508,197,0,760.794710961136,2
"28",184,0.411167512690355,0.753548119755516,197,0,872.766190914861,2
"29",191,0.32994923857868,1.09976173210401,197,0,1009.72047895548,2
"30",198,0.209183673469388,0.350889586603872,196,0,1177.1872647203,2
"31",205,0.152284263959391,0.711385061638869,197,0,1292.02284874581,2
"32",212,0.261538461538462,1.29722442505948,195,0,1483.41646549043,2
"33",219,0.743589743589744,4.46999735659529,195,0,1604.16680780263,2
"34",226,0.918367346938776,6.58817373103087,196,0,1763.47681908878,2
"35",233,0.678571428571429,1.99358974358974,196,0.4353233335445,1898.07735166708,2
"36",240,0.469387755102041,5.35803244374673,196,0,2039.38743033864,2
"37",247,0.230337078651685,0.505967117374468,178,0,2176.0426308501,2
"38",254,0.0449438202247191,0.0544658160350409,178,0.830315302141619,2247.73755272218,2
"39",126,0.145077720207254,0.176759499136442,193,0.636874874625982,185.932828903514,3
"40",133,0.589473684210526,2.81470342522974,190,0,278.701707826538,3
"41",140,1.52040816326531,13.4098377812664,196,0,378.042836911054,3
"42",147,0.807106598984772,8.5646431161297,197,0,449.430990818623,3
"43",154,1.13705583756345,7.09846679788667,197,0,545.636534270966,3
"44",161,0.578680203045685,1.54097171863669,197,0,644.954053800258,3
"45",168,0.396907216494845,0.80019763901501,194,0,783.401053800258,3
"46",175,0.139175257731959,0.192965119384648,194,0,855.031120803238,3
"47",182,0.173469387755102,0.236420722135008,196,0.687480721092897,956.5970548737,3
"48",189,0.0969387755102041,0.118759811616954,196,0.719965905231942,1088.2888615407,3
"49",196,0.0456852791878173,0.0438205739148451,197,0,1207.89289431905,3
"50",203,0.0510204081632653,0.0589220303506018,196,0.752091172565012,1353.10389858339,3
"51",210,0.142857142857143,0.687179487179487,196,0,1486.98624018831,3
"52",217,0.142857142857143,0.256410256410256,196,0,1655.02777421598,3
"53",224,0.13265306122449,0.207953950811094,196,0.725508372654671,1810.08043358362,3
"54",231,0.134020618556701,0.272100849313605,194,0.61024539848943,1976.7446843724,3
"55",238,0.117948717948718,0.187047316944224,195,0.391653793182194,2108.88312335021,3
"56",245,0.11340206185567,0.164089347079038,97,0,2232.15612335021,3
"57",252,0.0618556701030928,0.0586340206185567,97,0,2337.8317883325,3
"58",259,0.0348837209302326,0.03406292749658,86,0,2416.21131289965,3
"59",266,0.0232558139534884,0.0229822161422709,86,0,2486.0559580045,3
"60",110,0,0,189,1,124.651357563863,4
"61",117,0.043010752688172,0.0413833188026736,186,0,178.149936951784,4
"62",124,0.709183673469388,7.93037676609105,196,0,282.140575110107,4
"63",131,1.63959390862944,14.7010773852688,197,0,397.685870147673,4
"64",139,0.52020202020202,2.47420909603651,198,0,473.355529049409,4
"65",145,0.303030303030303,0.760498384863867,198,0.305863818206963,554.554275645565,4
"66",152,0.375634517766497,1.37858696778204,197,0,626.128373635319,4
"67",159,0.187817258883249,0.520667150108775,197,0.583877639060872,724.091740383018,4
"68",166,0.209183673469388,0.514992150706436,196,0,854.663740383018,4
"69",173,0.121212121212121,0.178126442085833,198,0,968.504740383018,4
"70",180,0.161616161616162,0.298620725016664,198,0.841615592588075,1078.59274038302,4
"71",187,0.0707070707070707,0.0761934061426447,198,0.498372161777651,1243.77570727704,4
"72",194,0.0408163265306122,0.0393511250654108,196,0,1410.36458296432,4
"73",201,0.111675126903553,0.354811975551642,197,0,1573.33024885913,4
"74",208,0.0454545454545455,0.0740655283802492,198,0,1772.6472216902,4
"75",215,0.0558375634517767,0.10400911633689,197,0.942876693809419,1969.76859286912,4
"76",222,0.0456852791878173,0.0438205739148451,197,0,2152.70693622108,4
"77",229,0.0355329949238579,0.0344452501812908,197,0,2318.03189551404,4
"78",236,0.0714285714285714,0.0974358974358974,196,0,2448.8763283108,4
"79",243,0.0153061224489796,0.015149136577708,196,0,2599.69694327607,4
"80",250,0.0101522842639594,0.0101004868952657,197,0,2765.25533457191,4
"81",257,0,0,198,1,2899.33393376746,4
"82",264,0,0,198,1,3006.51252663074,4
"83",271,0,0,196,1,3080.18675021224,4
"84",121,0.0687022900763359,0.171288362673314,393,0,187.020849282025,5
"85",128,0.184810126582278,0.694184925785517,395,0,210.084606418741,5
"86",135,0.364764267990074,5.76462600150612,403,0,247.281085444245,5
"87",142,0.828358208955224,5.59390702348606,402,0,295.954180353002,5
"88",149,0.733990147783251,6.37350848385331,406,0,397.930448281771,5
"89",156,0.362282878411911,1.21170820833796,403,0,491.486771889663,5
"90",163,0.336609336609337,1.43567615981409,407,0,550.577810670599,5
"91",170,0.189655172413793,0.652830991911452,406,0,700.903834126727,5
"92",177,0.21039603960396,0.727335822912316,404,0,796.141834126727,5
"93",184,0.129353233830846,0.636592598106723,402,0,882.28276795783,5
"94",191,0.0965346534653465,0.176762155123701,404,0,1000.74032062957,5
"95",198,0.0419753086419753,0.0799168805769466,405,0,1143.90215793901,5
"96",205,0.0493827160493827,0.0718127368292385,405,0.627722646177129,1287.64927317966,5
"97",212,0.0222222222222222,0.0316831683168317,405,0.957140329282388,1436.23411192717,5
"98",219,0.0623441396508728,0.15860349127182,401,0.706924797502537,1619.62616991012,5
"99",233,0.0276381909547739,0.0571687151120844,398,0,1916.22885791438,5
"100",240,0.0422885572139304,0.190227168397414,402,0,2078.39317617843,5
"101",247,0.00493827160493827,0.00492604816037159,405,0,2163.97445205066,5
"102",254,0.00496277915632754,0.00992555831265509,403,0.996879089686142,2246.8782377627,5
"103",261,0,0,403,1,2350.5840588826,5
"104",268,0,0,365,1,2442.55996678283,5
"105",115,0.00252525252525253,0.00252525252525253,396,0,192.470411563465,6
"106",122,0.0559796437659033,0.0733888975437503,393,0.862818966378644,245.802036241534,6
"107",129,0.0284974093264249,0.0433416324608034,386,0,286.345089542158,6
"108",136,0.0356234096692112,0.0599522251648751,393,0.949655907815484,332.534237627181,6
"109",143,0.100263852242744,0.143359718557608,379,0.515694678055757,426.814354885462,6
"110",150,0.041994750656168,0.0508633789197403,381,0.841449468648681,495.87857060635,6
"111",157,0.0443213296398892,0.048030163127116,361,0.634426749519541,582.159863478907,6
"112",164,0.0572916666666667,0.0541503481288077,384,0,650.893345070612,6
"113",171,0.0214477211796247,0.0264204791144167,373,0.919024460539432,751.787612243877,6
"114",178,0.0280612244897959,0.0426888146562973,392,0.95800891782917,882.175375419974,6
"115",185,0.02,0.0253868194842407,350,0.935164822935579,1020.72426568653,6
"116",192,0.0364583333333333,0.0822182332463011,384,0,1133.83051407236,6
"117",199,0.0358974358974359,0.178656647551249,390,0,1284.18809402702,6
"118",206,0.0463917525773196,0.106369375849117,388,0.970804764867327,1452.69552494119,6
"119",213,0.0227848101265823,0.0781597378397481,395,0.973104039907329,1621.36406656498,6
"120",220,0.0467032967032967,0.176876154148881,364,0.881930619903905,1813.74147716577,6
"121",227,0.0586734693877551,0.0962928649720758,392,0,1980.87047659807,6
"122",234,0.0456852791878173,0.104777773472314,394,0,2085.84462482691,6
"123",241,0.102564102564103,0.0944669365721997,39,0,2204.79816721446,6
"124",248,0,0,40,1,2278.05371218824,6
"125",255,0,0,21,1,2348.31586192613,6
"126",262,0,0,39,1,2467.90453139619,6
"127",112,0,0,180,1,95.5764941890429,7
"128",119,0,0,383,1,155.843606652428,7
"129",126,0,0,386,1,192.003964394846,7
"130",133,0.0885416666666667,0.195795256744996,384,0.891157819024315,281.662073003942,7
"131",140,0.0551181102362205,0.0627434728553668,381,0.717058734964755,333.584325872291,7
"132",147,0.107329842931937,0.148555056272416,382,0,478.481590149782,7
"133",154,0.0431266846361186,0.0467837109346543,371,0.644280475947586,558.940237168564,7
"134",161,0.0292553191489362,0.0338085106382979,376,0.841754031050655,636.819988983552,7
"135",168,0.0264550264550265,0.0788738719773203,378,0,708.106944850225,7
"136",175,0.0257731958762887,0.0303417778843336,388,0.874767705728718,842.737162270923,7
"137",182,0.0336787564766839,0.0482134445865016,386,0,954.722096381673,7
"138",189,0.00671140939597315,0.0134228187919463,298,0.995779440078911,1125.57835383267,7
"139",196,0.0232558139534884,0.0229822161422709,86,0,1303.55424574779,7
"140",203,0.0487804878048781,0.046973803071364,82,0,1416.52081756597,7
"141",210,0.0240963855421687,0.0238025271818983,83,0,1568.83263863446,7
"142",217,0.0365853658536585,0.0603733815115929,82,0.95787964278703,1706.17741044741,7
"143",224,0.0113636363636364,0.0113636363636364,88,0,1878.91963412444,7
"144",231,0.0344827586206897,0.0569366479550922,87,0.960300352971684,2051.68693248063,7
"145",238,0.0112359550561798,0.0112359550561798,89,0,2171.61514012691,7
"146",119,0,0,115,1,167.020555949372,8
"147",126,0,0,115,1,210.531834224902,8
"148",133,0.0517241379310345,0.0668665667166417,116,0.859667521997967,257.774916373158,8
"149",140,0.153846153846154,0.320954907161804,117,0.736025508689206,322.765674634088,8
"150",147,0.0847457627118644,0.146602926263943,118,0.840003670102253,384.74941848248,8
"151",154,0.114754098360656,0.152011922503726,122,0.768725538776401,495.825834451433,8
"152",161,0.0495867768595041,0.0975206611570248,121,0.968816691494027,583.911607441234,8
"153",168,0.0423728813559322,0.0409242358394901,118,0,730.251096859122,8
"154",175,0,0,123,1,860.917061812336,8
"155",182,0.0487804878048781,0.0631747301079568,123,0.867653923185074,1007.05571101604,8
"156",189,0.0650406504065041,0.0777022524323604,123,0.75444003074153,1127.6074468253,8
"157",196,0.0569105691056911,0.070505131280821,123,0.815509658759778,1308.83933396934,8
"158",203,0.0423728813559322,0.0580182529335072,118,0.90724084583883,1495.44661848706,8
"159",210,0.0333333333333333,0.0324929971988796,120,0,1680.64892332171,8
"160",217,0.0569105691056911,0.070505131280821,123,0.815509658759778,1792.72544295749,8
"161",224,0.016260162601626,0.0161268825803012,123,0,1935.84395411031,8
"162",231,0,0,122,1,2079.9882784059,8
"163",238,0,0,47,1,2235.0668282229,8
"164",245,0.0416666666666667,0.0407801418439716,48,0,2395.82842960181,8
"165",252,0,0,48,1,2482.03824946983,8
"166",259,0,0,48,1,2609.01209973781,8
"167",266,0,0,48,1,2680.71149216505,8
"168",273,0,0,64,1,2740.99384956943,8
"169",109,0,0,5,1,205.852499644931,9
"170",116,1,5,5,0.798565027839268,245.300796651235,9
"171",130,1.07392996108949,15.2874817607004,257,0,395.840575908109,9
"172",137,0.477564102564103,5.04772652320884,312,0,455.358965410791,9
"173",144,0.430868167202572,11.0524634374028,311,0,539.457324154537,9
"174",151,0.0886426592797784,0.153231763619575,361,0,603.157088235503,9
"175",158,0.306233062330623,2.32172734770826,369,0,708.41725153403,9
"176",165,0.174863387978142,0.681667789505202,366,0.33076045153348,795.689747824037,9
"177",172,0.244565217391304,0.653921336334558,368,0,909.723956552151,9
"178",179,0.176151761517615,0.292255802992813,369,0,1083.15334836044,9
"179",186,0.0316091954022989,0.0422256451025208,348,0.92254001445289,1253.72025998093,9
"180",193,0.0233918128654971,0.0405069369415719,342,0.977113850456547,1382.69473752178,9
"181",200,0.074585635359116,0.285280298740454,362,0,1557.94783291862,9
"182",207,0.021680216802168,0.0430069518086485,369,0.978753309208722,1733.24669545819,9
"183",214,0.00600600600600601,0.012012012012012,333,0.996223042473019,1917.60317929712,9
"184",221,0.0549450549450549,0.18981018981019,364,0.876841001064503,2067.18002704064,9
"185",228,0.00699300699300699,0.00696847012636486,286,0,2254.48806080672,9
"186",235,0.0171428571428571,0.028440065681445,175,0.98026360404878,2434.25166745004,9
"187",124,0.0416666666666667,0.0416666666666667,24,0,285.57554164912,10
"188",125,0,0,19,1,299.72354164912,10
"189",126,0.0798722044728434,0.144241009256984,313,0.882961894247395,313.261113786289,10
"190",127,0,0,13,1,327.220113786289,10
"191",130,0.0434782608695652,0.0434782608695652,23,0,358.990113786289,10
"192",131,0.25,0.75,44,0.82432888553516,372.407582048032,10
"193",132,0.2,0.816326530612245,50,0.185814923794483,387.312084832021,10
"194",133,0.136363636363636,0.15034965034965,66,0.411657650907072,403.089084832021,10
"195",134,0.09,0.183737373737374,100,0.931463327823524,420.144084832021,10
"196",136,0.0681818181818182,0.111522198731501,44,0.921502970648556,443.166084832021,10
"197",137,0.294117647058824,0.371764705882353,51,0,451.312901905018,10
"198",138,0,0,24,1,457.805691251505,10
"199",139,0.0483870967741935,0.0795875198307774,62,0.944292430782846,466.239606969649,10
"200",140,0.107692307692308,0.128846153846154,65,0.650887508114657,472.859037574579,10
"201",144,0.0533333333333333,0.0781981981981982,75,0.910980977371773,507.971378163393,10
"202",145,0.0581395348837209,0.0554035567715458,86,0,520.605884273868,10
"203",146,0.0350877192982456,0.0518553019717435,114,0.941434853534061,536.386889144422,10
"204",147,0,0,41,1,554.847242006399,10
"205",148,0.0857142857142857,0.139495798319328,35,0.901318020243899,576.0938284738,10
"206",150,0.166666666666667,0.254716981132075,54,0,620.201556285834,10
"207",151,0.277777777777778,0.320634920634921,36,0.391912189987653,632.738556285834,10
"208",152,0.0606060606060606,0.11873840445269,99,0,643.917240725943,10
"209",153,0,0,74,1,660.495240725943,10
"210",154,0.0958904109589041,0.115677321156773,73,0.689146411334969,677.460240725943,10
"211",159,0.119047619047619,0.449874686716792,210,0.89667608026269,720.760703690174,10
"212",160,0.0212765957446809,0.0212765957446809,47,0,733.504520636776,10
"213",161,0,0,27,1,750.703520636776,10
"214",162,0.0196078431372549,0.0196078431372549,51,0,765.436520636776,10
"215",164,0,0,38,1,790.618520636776,10
"216",165,0.037037037037037,0.0361111111111111,81,0,800.743520636776,10
"217",166,0.0526315789473684,0.130526315789474,76,0.966865842943424,811.244890874312,10
"218",167,0,0,42,1,825.320890874312,10
"219",168,0,0,28,1,835.958890874312,10
"220",169,0.117647058823529,0.235294117647059,17,0.926016067265613,843.766738219006,10
"221",171,0.0666666666666667,0.064367816091954,30,0,878.471246843805,10
"222",172,0,NA,1,1,900.598573755124,10
"223",173,0.0702702702702703,0.206991774383079,185,0.9499038669983,918.499573755124,10
"224",174,0.108108108108108,0.432432432432432,37,0.97241705942645,933.276423372603,10
"225",175,0.0206185567010309,0.0204037800687285,97,0,950.547423372603,10
"226",179,0.0833333333333333,0.166666666666667,24,0.947594714313142,1016.5444233726,10
"227",180,0.0288461538461538,0.0477035100821509,104,0.966789718351312,1036.5514233726,10
"228",181,0.0923076923076923,0.270483005366726,130,0.956137442628172,1058.9254233726,10
"229",182,0,0,72,1,1078.6894233726,10
"230",185,0.00497512437810945,0.00497512437810945,202,0,1136.28530348567,10
"231",189,0.0132450331125828,0.0131567328918322,151,0,1218.99397050124,10
"232",192,0,0,198,1,1273.53397050124,10
"233",194,0.0277777777777778,0.0277777777777778,36,0,1318.8988223496,10
"234",197,0,0,110,1,1375.2118223496,10
"235",200,0,0,13,1,1447.64532223084,10
"236",201,0,0,245,1,1472.83598053407,10
"237",202,0,0,66,1,1498.88448461306,10
"238",203,0,0,21,1,1517.78448461306,10
"239",206,0,0,21,1,1578.92148461306,10
"240",208,0,0,174,1,1628.19336617894,10
"241",209,0,0,31,1,1654.61359621365,10
"242",210,0.00833333333333333,0.00833333333333333,120,0,1681.61987456692,10
"243",213,0,0,45,1,1754.26845794775,10
"244",214,0,0,12,1,1775.49045794775,10
"245",215,0,0,99,1,1795.93646529779,10
"246",216,0,0,84,1,1817.72212930757,10
"247",217,0.0117647058823529,0.0117647058823529,85,0,1841.08692011602,10
"248",218,0,0,28,1,1867.76945444297,10
"249",221,0,0,95,1,1951.75108806787,10
"250",222,0.0138888888888889,0.0137596899224806,216,0,1976.26508833711,10
"251",224,0,0,36,1,2027.22987968874,10
"252",228,0.00641025641025641,0.00641025641025641,156,0,2120.41806827923,10
"253",232,0.0377358490566038,0.0871745880105087,159,0.976252094163667,2195.70663098143,10
"254",233,0,0,39,1,2218.84067832036,10
"255",234,0,0,71,1,2248.18576186185,10
"256",235,0,0,59,1,2266.68076186185,10
"257",236,0,0,65,1,2285.73376186185,10
"258",237,0.019047619047619,0.0188644688644689,105,0,2303.36257610831,10
"259",241,0.0199004975124378,0.0296019900497512,201,0.966783946780512,2381.02336470601,10
"260",121,0.0263157894736842,0.189921284148788,342,0.978534353266446,192.53563403516,11
"261",128,0.107142857142857,0.558515588645882,308,0,241.792248338166,11
"262",130,0,0,29,1,255.064220469893,11
"263",135,0.256410256410256,0.985155195681511,39,0,303.832320301257,11
"264",137,0.134831460674157,0.504341164453524,89,0.88478463474975,348.555459332538,11
"265",138,0.588235294117647,6.05959752321981,153,0,372.774254876386,11
"266",139,0.0701754385964912,0.0664160401002506,57,0,394.293254876386,11
"267",142,0.0434782608695652,0.042044911610129,92,0,429.618254876386,11
"268",144,1,2,2,0.37113657175771,452.001254876386,11
"269",145,0.5,1.35271317829457,130,0,459.137428213124,11
"270",146,0.1875,0.240691489361702,48,0.638371528320151,464.530243965473,11
"271",149,0.10655737704918,0.261278959490584,122,0.893186830545441,494.935974860933,11
"272",150,0.107142857142857,0.133766233766234,56,0.709311295567217,507.182938432459,11
"273",152,0.178807947019868,0.321147902869757,151,0.264141668580936,543.429166312974,11
"274",156,0.302158273381295,0.705140235637577,139,0.0287805602743867,598.555816757825,11
"275",157,0.105263157894737,0.131578947368421,57,0.714411097399371,616.717816757825,11
"276",158,0.5,0.333333333333333,4,0,635.995816757825,11
"277",159,0.214285714285714,0.520618556701031,98,0,652.411816757825,11
"278",160,0.1,0.1,10,0,665.128816757825,11
"279",163,0.176470588235294,0.279411764705882,17,0.796831218149204,704.395816757825,11
"280",164,0.0492957746478873,0.0471980821096794,142,0,717.058816757825,11
"281",165,0.105263157894737,0.131578947368421,57,0.714411097399371,731.080816757825,11
"282",166,0.17910447761194,0.421981004070556,67,0.887244957392963,747.946816757825,11
"283",167,0.291666666666667,1.13908450704225,72,0.890812057557472,761.605525728886,11
"284",170,0.207865168539326,0.414175077762966,178,0.696810416707,804.636600280153,11
"285",171,0.0571428571428571,0.0554621848739496,35,0,816.687527940801,11
"286",172,0.0512820512820513,0.0499325236167341,39,0,834.948527940801,11
"287",173,0.0256410256410256,0.0256410256410256,39,0,853.002527940801,11
"288",174,0.111111111111111,0.101587301587302,36,0,873.108527940801,11
"289",177,0.247252747252747,0.363942687147107,182,0,944.128209384077,11
"290",178,0.6,1.25714285714286,15,0,970.736022227062,11
"291",179,0,0,41,1,996.710154879866,11
"292",180,0,0,14,1,1022.43034878037,11
"293",181,0.0280373831775701,0.0275083759478046,107,0,1048.71878741914,11
"294",184,0.239583333333333,0.308791448516579,192,0,1127.62865395444,11
"295",186,0.02,0.02,50,0,1183.56833971408,11
"296",187,0.170731707317073,0.245121951219512,41,0.759246528247264,1206.22133971408,11
"297",191,0.56,0.923333333333333,25,0.548892904923271,1299.35836144765,11
"298",192,0.189189189189189,0.34727878563495,74,0.748615536642197,1319.05036144765,11
"299",193,0.145454545454545,0.163636363636364,55,0.450838614203785,1341.58636144765,11
"300",194,0.0476190476190476,0.0458978772231784,84,0,1361.62036144765,11
"301",195,0.0847457627118644,0.0789012273524255,59,0,1383.45436144765,11
"302",198,0.101694915254237,0.0929281122150789,59,0,1453.98787913217,11
"303",199,0.0666666666666667,0.0629213483146067,90,0,1478.00887913217,11
"304",200,0.0120481927710843,0.0120481927710843,83,0,1497.62887913217,11
"305",201,0.0625,0.1875,48,0.977830932795135,1521.91494655068,11
"306",202,0.555555555555556,0.527777777777778,9,0,1549.16432493641,11
"307",203,0.196078431372549,0.20078431372549,51,0.0472523494655369,1578.39210560295,11
"308",205,0.05,0.05,20,0,1641.99725792779,11
"309",206,0.120481927710843,0.131648545401117,83,0.414576744852318,1675.45592698373,11
"310",207,0.0504201680672269,0.0482837202677681,119,0,1705.3251227453,11
"311",208,0.0740740740740741,0.0712250712250712,27,0,1735.45735565188,11
"312",209,0.216216216216216,0.281377267678638,74,0,1763.15935565188,11
"313",213,0.183673469387755,0.337050284031138,98,0.82917267347042,1828.55905391996,11
"314",214,0.162162162162162,0.391646191646192,111,0.71361853056055,1848.04405391996,11
"315",215,0.222222222222222,1.07885304659498,63,0,1868.43805391996,11
"316",216,0.0555555555555556,0.053968253968254,36,0,1885.24105391996,11
"317",220,0.0909090909090909,0.12957157784744,88,0.848263028564557,1973.88130083276,11
"318",221,0.036144578313253,0.059653247134881,83,0.958387116970319,1997.92030083276,11
"319",222,0.106382978723404,0.182109357126516,94,0.79915354331985,2019.96130083276,11
"320",227,0.0526315789473684,0.0501917044266295,152,0,2117.95195065539,11
"321",228,0.0970873786407767,0.225775747192081,103,0,2140.17295065539,11
"322",229,0.0666666666666667,0.0666666666666667,15,0,2160.02360283699,11
"323",230,0.107142857142857,0.133766233766234,56,0.709311295567217,2181.10648634124,11
"324",233,0.363636363636364,2.37632135306554,44,0,2240.88378110677,11
"325",234,0.0119047619047619,0.0119047619047619,84,0,2264.38948675928,11
"326",235,0.078125,0.168402777777778,64,0.889699643926917,2287.31248675928,11
"327",236,0.10126582278481,0.117818889970789,79,0.617672452926686,2307.64348675928,11
"328",237,0.228571428571429,0.240336134453782,35,0.137032108034519,2330.31448675928,11
"329",240,0.227272727272727,0.319238900634249,44,0,2393.46779893366,11
"330",241,0.09375,0.135809748427673,160,0.855665872901191,2413.68179893366,11
"331",242,0.0579710144927536,0.0554134697357204,69,0,2427.53279893366,11
"332",243,0.0615384615384615,0.0899038461538462,65,0.897285743121277,2439.25364496325,11
"333",114,0,0,3,1,172.567891136266,12
"334",115,0,0,28,1,179.692776857827,12
"335",116,0,0,78,1,183.145275550294,12
"336",120,3,NA,1,0,212.535920768475,12
"337",121,7,NA,1,0,217.159980610391,12
"338",122,0,0,37,1,219.810590436448,12
"339",123,0.0392156862745098,0.0784313725490196,51,0.975338689088538,223.104047557531,12
"340",124,0.0306122448979592,0.0299810645907848,98,0,226.767875051189,12
"341",126,0.0759493670886076,0.0967218435572866,79,0.793942184199546,240.326598296507,12
"342",128,0.137931034482759,0.85783424077435,58,0.907323246051611,267.075225955858,12
"343",129,0,0,42,1,276.580232594345,12
"344",130,0.336206896551724,2.27728635682159,116,0,287.11480647761,12
"345",131,0.0434782608695652,0.0434782608695652,23,0,299.123172299009,12
"346",134,0.863636363636364,2.5995670995671,22,0,332.403603497243,12
"347",135,0.151515151515152,0.320075757575758,33,0.786084157918869,346.290573557323,12
"348",136,0.237704918032787,0.89344262295082,122,0,362.167145926885,12
"349",137,0.964285714285714,14.5542328042328,28,0,378.016145926885,12
"350",138,0.157407407407407,0.171253028729664,108,0.36339360216443,390.61889729422,12
"351",142,0.666666666666667,1.54166666666667,33,0.628231436721707,426.85929441614,12
"352",143,0.230769230769231,0.358974358974359,13,0.734317746810498,437.7749217364,12
"353",144,0.211764705882353,0.428263139575357,170,0,446.920829153364,12
"354",145,0.161616161616162,0.728715728715729,99,0,457.783522844627,12
"355",146,2,NA,1,0,472.885522844627,12
"356",148,0,0,21,1,500.749522844628,12
"357",149,0.0697674418604651,0.159781121751026,86,0.95609398804678,514.406552776336,12
"358",150,0.0701754385964912,0.0664160401002506,57,0,532.470395832751,12
"359",151,0.141176470588235,0.217927170868347,85,0,552.973398048711,12
"360",152,0.176470588235294,0.748235294117647,51,0,576.020632361347,12
"361",153,0,0,13,1,599.426580193506,12
"362",155,0.469387755102041,1.50425170068027,49,0.425350224729739,645.781007224937,12
"363",156,0.0757575757575758,0.0710955710955711,66,0,655.258007224937,12
"364",157,0.233333333333333,0.554802259887006,60,0,664.357007224937,12
"365",158,0.0727272727272727,0.104753961634696,110,0.878610422851646,678.100007224937,12
"366",159,0.241379310344828,1.26108374384236,31,0.857626505168971,694.516007224937,12
"367",160,0,NA,1,1,707.422007224937,12
"368",162,0.06,0.0575510204081633,50,0,733.540007224937,12
"369",163,0.239669421487603,1.3504132231405,121,0.826235952646636,743.352518524357,12
"370",164,0.0434782608695652,0.042512077294686,47,0,758.760518524357,12
"371",165,0.05,0.0822033898305085,60,0.942435511808941,770.819598391759,12
"372",166,0.181818181818182,0.340909090909091,33,0,780.902286734084,12
"373",169,0.0178571428571429,0.0178571428571429,56,0,817.964286734084,12
"374",170,1.33333333333333,2.33333333333333,3,0.160601354566751,833.64911240378,12
"375",171,0.09375,0.403769841269841,65,0.948836467112083,854.273324093045,12
"376",172,0.0217391304347826,0.0214217708663916,139,0,874.469324093045,12
"377",173,0,0,46,1,892.073324093045,12
"378",176,0.0260869565217391,0.0431731502669718,115,0.969966353987274,927.236328606056,12
"379",177,0.0416666666666667,0.0416666666666667,24,0,941.077096323668,12
"380",178,0.0198019801980198,0.0196039603960396,104,0,959.509096323668,12
"381",179,0.0277777777777778,0.0277777777777778,36,0,981.064096323668,12
"382",180,0,0,31,1,995.887096323668,12
"383",184,0,0,25,1,1070.50780961791,12
"384",185,0.0437956204379562,0.0421854873336196,138,0,1096.44087850079,12
"385",186,0,0,111,1,1123.25561133651,12
"386",187,0.0833333333333333,0.0785714285714286,37,0,1154.57238146419,12
"387",190,0,0,54,1,1231.58504576142,12
"388",191,0.0114942528735632,0.0114942528735632,90,0,1258.41533233672,12
"389",192,0.025,0.025,40,0,1285.63565980394,12
"390",193,0,0,44,1,1313.70707134826,12
"391",194,0,0,82,1,1341.80386044806,12
"392",197,0.0178571428571429,0.0178571428571429,56,0,1430.59580931263,12
"393",198,0,0,40,1,1456.28952194559,12
"394",199,0.0196078431372549,0.0196078431372549,51,0,1475.99052194559,12
"395",200,0,0,48,1,1495.86252194559,12
"396",201,0.0260869565217391,0.025629290617849,118,0,1511.11752194559,12
"397",205,0,0,102,1,1609.76175266897,12
"398",206,0.0340909090909091,0.033307210031348,88,0,1632.52548933582,12
"399",207,0.0212765957446809,0.0210478151452757,95,0,1657.06291688693,12
"400",208,0.0454545454545455,0.0454545454545455,23,0,1684.82952086872,12
"401",211,0,0,53,1,1762.93702404683,12
"402",212,0.0204081632653061,0.0204081632653061,50,0,1786.12102404683,12
"403",213,0.0151515151515152,0.0303030303030303,132,0.990471766238753,1809.34979489463,12
"404",214,0,0,71,1,1833.38248615312,12
"405",219,0.0192307692307692,0.0192307692307692,55,0,1955.52057376714,12
"406",220,0.0481927710843374,0.0708198648251543,84,0.91956112413112,1977.73257376714,12
"407",221,0.0341880341880342,0.0333038608900678,120,0,1997.56857376714,12
"408",222,0,0,43,1,2014.90257376714,12
"409",225,0.2,0.273684210526316,20,0.66617866514415,2064.73304093355,12
"410",226,0.0119047619047619,0.0119047619047619,84,0,2085.52474360079,12
"411",227,0.0166666666666667,0.0165266106442577,120,0,2108.29358478473,12
"412",228,0.128571428571429,0.925258799171843,70,0.895124983101778,2133.02795869223,12
"413",229,0,0,14,1,2155.23995869223,12
"414",232,0.0256410256410256,0.0256410256410256,39,0,2196.36995869223,12
"415",233,0.0123456790123457,0.0123456790123457,81,0,2213.99195869223,12
"416",234,0,0,43,1,2232.80195869223,12
"417",235,0.0151515151515152,0.0151515151515152,66,0,2253.37595869223,12
"418",236,0.0759493670886076,0.122362869198312,79,0.912560276351803,2274.0612660906,12
"419",239,0.117647058823529,0.110294117647059,17,0,2326.7922660906,12
"420",240,0.0447761194029851,0.0882055885983616,134,0,2341.15920171082,12
"421",241,0,0,34,1,2360.14072656537,12
"422",242,0.015748031496063,0.0156230471191101,127,0,2381.60110853443,12
"423",122,0,0,35,1,118.038757586147,13
"424",123,0.0277777777777778,0.0277777777777778,36,0,124.483645632642,13
"425",125,0,0,15,1,142.676621161538,13
"426",126,0,0,14,1,154.856697341813,13
"427",127,0.037037037037037,0.037037037037037,27,0,165.392867035226,13
"428",128,0.0131578947368421,0.0131578947368421,76,0,175.17761765103,13
"429",129,0,0,11,1,178.597596495187,13
"430",130,0,NA,1,1,185.35644435901,13
"431",133,0,0,19,1,205.410226724016,13
"432",134,0,0,49,1,210.846226724016,13
"433",135,0,0,75,1,221.605298155469,13
"434",136,0.0568181818181818,0.100182863113898,88,0.949337986685784,237.624465002252,13
"435",137,0,0,39,1,257.38994518253,13
"436",140,0.473684210526316,0.634423897581792,38,0.454065536363399,321.344399401185,13
"437",141,0.4,0.488888888888889,10,0.3323573302883,333.116399401185,13
"438",142,0.16504854368932,0.256805634875309,103,0.775430178467446,339.563475662005,13
"439",143,0.043956043956044,0.109157509157509,91,0.972327517183519,352.334475662005,13
"440",144,0.0681818181818182,0.0650105708245243,44,0,365.960475662005,13
"441",147,0.117647058823529,0.470588235294118,34,0.969983270552313,406.515614699904,13
"442",148,0.108108108108108,0.279115479115479,111,0.924877997997425,421.401614699904,13
"443",149,0.0943396226415094,0.162443845462713,106,0.821890878038357,437.898614699904,13
"444",150,0.125,0.163461538461538,40,0.726360495224548,459.345614699904,13
"445",154,0.125,0.220454545454545,56,0,517.372293914169,13
"446",155,0.0581395348837209,0.0554035567715458,86,0,525.327137351651,13
"447",156,0.0113636363636364,0.0113636363636364,88,0,536.190137351651,13
"448",157,0.0645161290322581,0.0613432046536224,62,0,544.371137351651,13
"449",161,0.162162162162162,0.306306306306306,37,0,579.609581013767,13
"450",162,0.0344827586206897,0.0336808340016038,87,0,583.673880796685,13
"451",163,0.0102040816326531,0.0102040816326531,98,0,594.248880796685,13
"452",164,0.0416666666666667,0.0404929577464789,72,0,609.890161906167,13
"453",168,0.111111111111111,0.102564102564103,27,0,674.225393840755,13
"454",169,0.06,0.056969696969697,100,0,692.765393840755,13
"455",170,0.010989010989011,0.010989010989011,91,0,705.743393840755,13
"456",171,0,0,75,1,719.367683598806,13
"457",175,0.163636363636364,0.287542087542088,55,0.796236891191829,791.016683598806,13
"458",176,0.0128205128205128,0.0128205128205128,78,0,807.531683598806,13
"459",177,0.0192307692307692,0.0190440627333831,104,0,824.991683598807,13
"460",178,0.0350877192982456,0.0344611528822055,57,0,844.323683598806,13
"461",182,0.0769230769230769,0.150829562594268,52,0.951625889962374,945.177120187363,13
"462",183,0.0465116279069767,0.115458276333789,86,0.970718651903491,975.208622932893,13
"463",184,0.0560747663551402,0.0911655792629166,107,0.935441699362546,1001.66637822077,13
"464",185,0.025,0.025,40,0,1029.52480390289,13
"465",186,0,0,9,1,1050.99880390289,13
"466",189,0.111111111111111,0.222222222222222,18,0.930126285750857,1117.13080390289,13
"467",190,0.0470588235294118,0.116806722689076,85,0.970374165455297,1140.40820222718,13
"468",191,0,0,95,1,1165.65110826035,13
"469",192,0,0,69,1,1183.95710826035,13
"470",193,0.0333333333333333,0.0333333333333333,30,0,1199.10133219052,13
"471",196,0.0384615384615385,0.0384615384615385,26,0,1269.20275143769,13
"472",197,0,0,51,1,1292.08727240234,13
"473",198,0,0,93,1,1315.82815480651,13
"474",199,0,0,108,1,1340.90283757452,13
"475",200,0,0,5,1,1365.70683757452,13
"476",203,0.0731707317073171,0.119512195121951,41,0.91575928557406,1436.13148051131,13
"477",204,0.0117647058823529,0.0117647058823529,85,0,1464.12152074719,13
"478",205,0,0,87,1,1481.85152074719,13
"479",206,0,0,73,1,1502.3602748992,13
"480",207,0,0,8,1,1524.44870635996,13
"481",210,0.0303030303030303,0.0303030303030303,33,0,1596.90751966865,13
"482",211,0.0352941176470588,0.0582633053221289,85,0.959366243629841,1615.36651966865,13
"483",212,0,0,110,1,1633.55551966865,13
"484",213,0,0,61,1,1651.06069280997,13
"485",214,0,0,5,1,1669.65469280997,13
"486",217,0,0,8,1,1730.02009118885,13
"487",218,0,0,77,1,1753.40690315072,13
"488",219,0.01,0.01,100,0,1778.54338181672,13
"489",220,0,0,102,1,1805.42983822986,13
"490",224,0.0652173913043478,0.0623188405797101,46,0,1885.05455886017,13
"491",225,0.0206185567010309,0.0204037800687285,97,0,1905.00755886017,13
"492",226,0,0,103,1,1930.74890339153,13
"493",227,0.0408163265306122,0.0816326530612245,49,0.974332104969702,1956.70689666853,13
"494",231,0,0,32,1,2068.42816234727,13
"495",232,0,0,9,1,2084.97916234727,13
"496",233,0,0,124,1,2103.84316234727,13
"497",234,0.010752688172043,0.010752688172043,93,0,2117.43316234727,13
"498",235,0,0,37,1,2130.36243432452,13
"499",238,0.108695652173913,0.365700483091787,46,0.942194061711909,2184.68643432452,13
"500",239,0.029126213592233,0.0481629545021892,103,0.966467288432393,2196.67551978154,13
"501",240,0,0,100,1,2210.88651978154,13
"502",241,0,0,46,1,2226.81651978154,13
"503",110,0,0,5,1,93.4864416768445,14
"504",111,0,0,3,1,104.65117937632,14
"505",113,0,0,3,1,110.93746228201,14
"506",114,0,0,4,1,114.76913531616,14
"507",117,0,0,41,1,126.020054870306,14
"508",118,0,0,39,1,127.992912416723,14
"509",119,0,0,90,1,130.591394978754,14
"510",120,0,0,18,1,136.259501343374,14
"511",121,0,0,39,1,143.134423785734,14
"512",124,0,0,108,1,163.652802634806,14
"513",125,0,0,86,1,170.945646042946,14
"514",126,0,0,42,1,173.658512852256,14
"515",127,0,0,91,1,178.173495637494,14
"516",128,0,0,18,1,184.638139558525,14
"517",131,0,0,49,1,209.36841836297,14
"518",132,0.0128205128205128,0.012737799834574,156,0,214.620994893281,14
"519",133,0,0,64,1,217.681443909385,14
"520",134,0.0416666666666667,0.0416666666666667,24,0,221.837686230788,14
"521",135,0,0,26,1,229.600330193009,14
"522",138,0,0,38,1,272.971081295942,14
"523",139,0,0,77,1,282.691081295942,14
"524",140,0.0520833333333333,0.0709429824561403,96,0.885983539676895,290.540701088668,14
"525",141,0.0298507462686567,0.0293984622342831,67,0,299.569515878944,14
"526",142,0,0,36,1,313.202644394946,14
"527",145,0.151162790697674,0.412175102599179,86,0.913375949230491,367.106698676232,14
"528",146,0.0754716981132075,0.109579100145138,53,0.874029684960057,381.902698676232,14
"529",147,0.118421052631579,0.372456140350877,76,0,395.328664751735,14
"530",148,0.0434782608695652,0.042044911610129,92,0,411.552849151218,14
"531",149,0.0333333333333333,0.0333333333333333,30,0,432.120771023484,14
"532",152,0.142857142857143,1.02764976958525,63,0.88347220344642,499.828784103135,14
"533",153,0.116071428571429,0.139559202059202,112,0.654477059377315,521.104784103135,14
"534",154,0.163636363636364,0.917171717171717,55,0,540.313194800443,14
"535",155,0.188405797101449,0.772804774083546,69,0.937550486405778,561.264602405277,14
"536",156,0.111111111111111,0.104575163398693,18,0,584.20713603757,14
"537",159,0.126984126984127,0.628776241679467,63,0.967424124261184,634.43613603757,14
"538",160,0.0606060606060606,0.0779220779220779,99,0.835570025775395,650.57313603757,14
"539",161,0.0384615384615385,0.0384615384615385,26,0,667.806781076011,14
"540",162,0.027027027027027,0.0265356265356265,111,0,689.010781076011,14
"541",163,0,0,18,1,710.682600701834,14
"542",166,0.0363636363636364,0.0356902356902357,55,0,775.797600701834,14
"543",167,0,0,105,1,797.604600701834,14
"544",168,0,0,55,1,821.022600701834,14
"545",169,0.0253164556962025,0.0249918857513794,79,0,838.491600701834,14
"546",170,0,0,13,1,855.978600701834,14
"547",173,0.0153846153846154,0.0153846153846154,65,0,892.241706539458,14
"548",174,0.0421052631578947,0.0620380739081747,95,0.929721824240874,904.969246952724,14
"549",176,0.0181818181818182,0.0180150125104254,110,0,943.012246952724,14
"550",177,0.0208333333333333,0.0208333333333333,48,0,959.698246952724,14
"551",180,0.0307692307692308,0.0302884615384615,65,0,1020.5613060834,14
"552",181,0,0,96,1,1040.6763060834,14
"553",183,0.02,0.0197979797979798,100,0,1079.99646332605,14
"554",184,0,0,54,1,1105.01808269058,14
"555",187,0,0,84,1,1174.61725086808,14
"556",188,0,0,71,1,1189.17925086808,14
"557",189,0.008,0.008,125,0,1204.11925086808,14
"558",190,0,0,24,1,1222.70425086808,14
"559",191,0.0769230769230769,0.0769230769230769,13,0,1243.7227743199,14
"560",194,0.00826446280991736,0.00826446280991736,121,0,1314.07113002166,14
"561",195,0,0,77,1,1338.17902191614,14
"562",196,0,0,48,1,1362.70772769524,14
"563",197,0,0,65,1,1388.02174839475,14
"564",198,0,NA,1,1,1416.99721796355,14
"565",201,0,0,75,1,1494.73433466549,14
"566",202,0.0105263157894737,0.0105263157894737,95,0,1519.36355315933,14
"567",203,0,0,57,1,1546.68106145865,14
"568",204,0,0,82,1,1571.38606145865,14
"569",208,0,0,84,1,1674.45337602988,14
"570",209,0,0,125,1,1703.89566678009,14
"571",210,0,0,56,1,1735.22812460364,14
"572",211,0,0,49,1,1764.23107296459,14
"573",216,0,0,86,1,1908.51484154013,14
"574",217,0.0571428571428571,0.114285714285714,35,0.964064946957583,1937.52317598562,14
"575",218,0,0,72,1,1966.34610624979,14
"576",219,0.0350877192982456,0.0701754385964912,57,0.977934616552902,1993.9442136324,14
"577",220,0,0,10,1,2016.7952136324,14
"578",222,0.0266666666666667,0.0263063063063063,75,0,2059.0412136324,14
"579",223,0.010752688172043,0.010752688172043,93,0,2081.0462136324,14
"580",224,0,0,50,1,2099.4152136324,14
"581",225,0,0,40,1,2118.5402136324,14
"582",226,0,0,9,1,2123.4092136324,14
"583",229,0,0,71,1,2169.5612136324,14
"584",230,0,0,76,1,2193.86046925299,14
"585",231,0,0,65,1,2220.18248496105,14
"586",232,0,0,42,1,2246.67510997608,14
"587",233,0,0,6,1,2276.08913293036,14
"588",236,0,0,61,1,2332.48043668742,14
"589",237,0,0,95,1,2352.13643668742,14
"590",238,0.0317460317460317,0.0312339989759345,63,0,2372.21543668742,14
"591",239,0,0,43,1,2391.24513014017,14
"592",240,0,0,3,1,2412.77283190202,14
"593",257,0,0,14,1,2719.21747159362,14
"594",123,0.101796407185629,0.188370247456893,167,0,210.82771363709,15
"595",124,0.0833333333333333,0.179378531073446,60,0.882346286855378,213.322064149986,15
"596",125,0,0,29,1,214.275523998406,15
"597",126,0.0416666666666667,0.0833333333333333,48,0.973797357156571,218.678078233674,15
"598",130,0.271186440677966,0.914676425269646,177,0.896143483918124,239.709100269843,15
"599",131,0.230769230769231,0.808446455505279,52,0,250.112006152156,15
"600",132,0.0357142857142857,0.0357142857142857,28,0,261.589140819924,15
"601",133,0.208333333333333,0.25354609929078,48,0.54393414249074,274.873267015239,15
"602",136,0,0,3,1,318.047599985127,15
"603",137,0.448,1.49122580645161,125,0,332.078599985127,15
"604",138,0.103448275862069,0.0960591133004926,29,0,340.853599985127,15
"605",139,0.678571428571429,11.1604991394148,84,0,348.606913331072,15
"606",140,0.0909090909090909,0.0909090909090909,11,0,352.172557415436,15
"607",141,0.208333333333333,0.381205673758865,48,0.814042815786746,355.940166292124,15
"608",144,0.321428571428571,3.23278829604131,84,0,372.616609969693,15
"609",145,0.0833333333333333,0.107506361323155,132,0.795787310830347,380.281326190863,15
"610",146,0.340909090909091,1.06712473572939,44,0.833724826756225,386.746965875709,15
"611",148,0.0784313725490196,0.0737254901960784,51,0,403.837965875709,15
"612",151,0.126436781609195,0.204758086073242,87,0.574719864222061,433.573784325824,15
"613",152,0.155555555555556,0.402496878901373,90,0,445.930784325824,15
"614",153,0.0540540540540541,0.134024435394298,74,0.965970325185139,456.271784325824,15
"615",154,0,0,11,1,466.064096402231,15
"616",155,0,0,48,1,474.092096402231,15
"617",158,0.0520833333333333,0.0709429824561403,96,0.885983539676895,503.942716481641,15
"618",159,0.215909090909091,0.676985370950888,88,0,517.883716481641,15
"619",160,0.0588235294117647,0.0860403863037752,68,0.901817254454162,528.917716481641,15
"620",161,0.111111111111111,0.111111111111111,9,0,540.009726937739,15
"621",162,0.0638297872340425,0.104532839962997,47,0.926513419330563,553.770726937739,15
"622",165,0.0357142857142857,0.0357142857142857,28,0,606.280823580691,15
"623",166,0.380434782608696,2.72181079789775,92,0,614.281823580691,15
"624",167,0.0689655172413793,0.100423472474289,58,0.884889194877293,619.274945595616,15
"625",168,0.152777777777778,0.553794992175274,72,0,631.361945595616,15
"626",169,0,0,48,1,644.996945595616,15
"627",172,0.0333333333333333,0.1,90,0.988176497490739,695.93621701312,15
"628",173,0.252873563218391,0.772520716385993,87,0,715.97021701312,15
"629",174,0,0,69,1,737.43521701312,15
"630",175,0.125,0.116666666666667,16,0,755.81321701312,15
"631",176,0.0208333333333333,0.0208333333333333,48,0,776.22521701312,15
"632",178,0,0,6,1,814.74521701312,15
"633",179,0.0769230769230769,0.094017094017094,91,0.750633934367612,837.49721701312,15
"634",180,0.126436781609195,0.204758086073242,87,0.870824046300545,857.13521701312,15
"635",181,0.0123456790123457,0.0123456790123457,81,0,869.05121701312,15
"636",182,0,0,3,1,878.71760182613,15
"637",183,0.0208333333333333,0.0208333333333333,48,0,891.28160182613,15
"638",186,0.0447761194029851,0.0737222976028946,67,0.948449712067709,935.21060182613,15
"639",187,0.113636363636364,0.285788923719958,88,0.928244718276482,952.387279577003,15
"640",188,0.0740740740740741,0.0944444444444444,81,0.799030031503261,973.623192153719,15
"641",189,0.125,0.201086956521739,24,0.856088779522353,997.537378577468,15
"642",190,0,0,48,1,1023.35037967454,15
"643",193,0.032967032967033,0.0544566544566545,91,0.9620453924015,1098.53480204697,15
"644",194,0.0512820512820513,0.0492840492840493,78,0,1107.18673066978,15
"645",195,0.0133333333333333,0.0133333333333333,75,0,1124.89774439617,15
"646",196,0,0,16,1,1148.17193799547,15
"647",197,0,0,48,1,1171.76892527898,15
"648",200,0.0113636363636364,0.0113636363636364,88,0,1246.05574624097,15
"649",201,0,0,89,1,1267.65574624097,15
"650",202,0,0,75,1,1290.08259039663,15
"651",203,0,0,8,1,1313.14059039663,15
"652",204,0.0208333333333333,0.0208333333333333,48,0,1334.80229970933,15
"653",207,0,0,74,1,1410.99681755849,15
"654",208,0.141025641025641,0.746087246087246,78,0.95279130498059,1438.59408448885,15
"655",209,0,0,50,1,1465.19820609577,15
"656",210,0,0,54,1,1493.44315048858,15
"657",211,0.0425531914893617,0.0416281221091582,47,0,1518.5169865055,15
"658",215,0.0163934426229508,0.0162579596260669,122,0,1615.67146301384,15
"659",216,0.0650406504065041,0.143276022924164,123,0.959076086094371,1641.22264374564,15
"660",217,0.0588235294117647,0.0588235294117647,17,0,1667.15760268542,15
"661",218,0.0196078431372549,0.0196078431372549,51,0,1693.52232463149,15
"662",221,0.0147058823529412,0.0147058823529412,68,0,1755.27132463149,15
"663",222,0.0388349514563107,0.0376927470017133,103,0,1773.96432463149,15
"664",223,0,0,60,1,1795.47432463149,15
"665",224,0.133333333333333,0.257471264367816,30,0.916151542601448,1818.72006068937,15
"666",225,0,0,46,1,1842.37316562576,15
"667",228,0.129411764705882,0.494957983193277,85,0,1913.1217009069,15
"668",229,0.0641025641025641,0.176509511993383,156,0.926969733852116,1938.74428224733,15
"669",230,0,0,21,1,1964.74536822664,15
"670",235,0.144578313253012,1.02762268586541,83,0.899727722898504,2061.43772961788,15
"671",236,0.0340136054421769,0.0330817258410213,147,0,2081.03072961788,15
"672",237,0,0,30,1,2102.74073301967,15
"673",242,0,0,69,1,2169.3612452221,15
"674",243,0.0191082802547771,0.0316838151233056,157,0.978000832538449,2175.50983956864,15
"675",244,0,0,33,1,2186.78683956864,15
"676",246,0,0,48,1,2217.43250896343,15
"677",249,0,0,4,1,2253.04347333014,15
"678",250,0,0,29,1,2261.93547333014,15
"679",252,0.0102040816326531,0.0102040816326531,98,0,2285.23647333014,15
"680",253,0,0,70,1,2295.15631658559,15
"681",256,0,0,8,1,2331.77528069792,15
"682",257,0.0434782608695652,0.0434782608695652,23,0,2346.47228069792,15
"683",258,0,0,8,1,2356.92491531329,15
"684",259,0,0,13,1,2372.37791531329,15
"685",270,0,0,26,1,2489.11177062354,15
"686",129,0,0,13,1,133.628500577603,16
"687",130,0.117647058823529,0.235294117647059,17,0.926016067265613,145.220341969646,16
"688",131,0,0,52,1,157.712341969646,16
"689",132,0,0,39,1,163.537977663831,16
"690",136,0,0,21,1,190.540897695648,16
"691",137,0.04,0.0391836734693878,50,0,197.039634889319,16
"692",138,0,0,48,1,206.373613525257,16
"693",139,0.05,0.0822033898305085,60,0.942435511808941,219.059544302211,16
"694",141,0,0,11,1,244.144816842788,16
"695",142,0,0,39,1,253.288816842788,16
"696",143,0,0,36,1,264.349816842788,16
"697",144,0.185185185185185,0.417889587700908,54,0,276.787816842788,16
"698",145,0.289473684210526,1.45448079658606,38,0.913005454742024,286.309816842788,16
"699",146,0,0,36,1,289.462697094219,16
"700",147,0,0,66,1,294.111675557323,16
"701",148,0.170731707317073,0.295121951219512,41,0,299.663160819912,16
"702",150,0.127659574468085,0.548566142460685,47,0.930330508407943,318.041477941917,16
"703",151,0.04,0.04,25,0,323.327673523067,16
"704",152,0,0,32,1,329.857721167528,16
"705",153,0.5,1.1304347826087,24,0.652560740738089,340.666721167527,16
"706",154,0,0,52,1,352.346598505274,16
"707",155,0,0,34,1,365.796471567044,16
"708",156,0.0263157894736842,0.0263157894736842,38,0,381.166126291296,16
"709",157,0,0,3,1,398.608126291296,16
"710",158,0.135802469135802,0.818827160493827,81,0,412.261126291296,16
"711",159,0.0740740740740741,0.0712250712250712,27,0,418.831126291296,16
"712",160,0.125,0.201086956521739,24,0.856088779522353,431.044126291296,16
"713",161,0.0173913043478261,0.0172387490465294,115,0,445.750126291296,16
"714",163,0,NA,1,1,474.397126291296,16
"715",164,0.0666666666666667,0.0666666666666667,15,0,489.445126291296,16
"716",165,0,0,35,1,501.931162932539,16
"717",166,0.104477611940299,0.549525101763908,67,0.938375651491047,510.013162932539,16
"718",167,0.0340909090909091,0.033307210031348,88,0,516.994674981778,16
"719",168,0.0333333333333333,0.0333333333333333,30,0,529.405674981778,16
"720",169,0,0,14,1,538.567674981778,16
"721",171,0,0,24,1,570.922674981778,16
"722",172,0,0,30,1,589.165674981778,16
"723",173,0,0,38,1,607.549667990929,16
"724",174,0.113924050632911,0.281726712106459,79,0.798828901595173,625.333667990929,16
"725",175,0,0,47,1,635.313713184455,16
"726",176,0,0,37,1,642.5802645038,16
"727",178,0.0990990990990991,0.471908271908272,111,0,671.650306785956,16
"728",179,0.0142857142857143,0.0142857142857143,70,0,692.053306785956,16
"729",181,0,0,45,1,729.250306785956,16
"730",182,0,0,26,1,741.978608857451,16
"731",185,0.1,0.162068965517241,30,0.884871023617882,799.481753520492,16
"732",186,0,0,46,1,819.961157847856,16
"733",187,0,0,60,1,844.331340162569,16
"734",188,0,0,40,1,866.111763075485,16
"735",189,0,0,62,1,878.501407361165,16
"736",190,0.0625,0.0625,16,0,892.318865954443,16
"737",192,0.0144927536231884,0.0144927536231884,69,0,929.335865954443,16
"738",193,0.214285714285714,0.693121693121693,28,0.923981891836248,949.180865954443,16
"739",194,0.0153846153846154,0.0152653548002385,130,0,968.512865954443,16
"740",195,0,0,14,1,980.482865954443,16
"741",196,0,0,14,1,997.555865954443,16
"742",200,0,0,48,1,1070.75286595444,16
"743",201,0,0,34,1,1088.42886595444,16
"744",202,0,0,94,1,1108.23786595444,16
"745",203,0,0,78,1,1124.16786595444,16
"746",206,0.0232558139534884,0.0232558139534884,43,0,1175.27183609659,16
"747",207,0,0,52,1,1193.86583609659,16
"748",208,0,0,92,1,1213.66583609659,16
"749",209,0,0,70,1,1234.37320508529,16
"750",213,0.0232558139534884,0.0232558139534884,43,0,1322.00758060138,16
"751",214,0,0,29,1,1340.92558060138,16
"752",215,0,0,75,1,1363.00010845677,16
"753",216,0,0,53,1,1386.97270209961,16
"754",217,0,0,57,1,1413.17355710976,16
"755",220,0.0294117647058824,0.0294117647058824,34,0,1486.69179640287,16
"756",221,0,0,36,1,1510.62382099216,16
"757",222,0,0,145,1,1535.2237444311,16
"758",223,0,0,23,1,1559.13340822345,16
"759",224,0,0,18,1,1581.60256129541,16
"760",227,0,0,31,1,1644.42968297606,16
"761",228,0,0,40,1,1661.77268297606,16
"762",229,0,0,92,1,1680.02864495147,16
"763",230,0,0,83,1,1698.02864495147,16
"764",231,0,0,10,1,1717.04564495147,16
"765",234,0,0,15,1,1780.54042175153,16
"766",235,0.0576923076923077,0.0946455505279035,52,0.933579436702624,1804.01861606218,16
"767",236,0.0138888888888889,0.0138888888888889,72,0,1826.99287244748,16
"768",237,0,0,51,1,1854.02054086998,16
"769",238,0,0,64,1,1880.65922525736,16
"770",241,0,0,14,1,1949.75700309557,16
"771",242,0,0,59,1,1971.17700309557,16
"772",243,0,0,83,1,1987.35000309557,16
"773",244,0,0,57,1,1998.27117073116,16
"774",245,0,0,28,1,2012.63517073116,16
"775",249,0,0,19,1,2080.58383589617,16
"776",128,0,0,33,1,200.241283961187,17
"777",129,0,0,90,1,212.09258056249,17
"778",130,0,0,111,1,218.485250017621,17
"779",131,0,0,8,1,221.65671427437,17
"780",135,0.0425531914893617,0.0851063829787234,47,0.973239854117349,268.828250506495,17
"781",136,0.0512820512820513,0.0752580752580753,78,0.914404785934397,286.740069557397,17
"782",137,0,0,16,1,302.373069557397,17
"783",138,0,0,16,1,312.139881945927,17
"784",139,0.0344827586206897,0.0344827586206897,29,0,319.852831953678,17
"785",140,0,0,51,1,328.958278379504,17
"786",143,0.0357142857142857,0.0350649350649351,56,0,358.970843834557,17
"787",144,0.0897435897435897,0.160672660672661,78,0,367.516783094146,17
"788",145,0.153846153846154,0.413461538461538,65,0.930957348659605,374.373121477506,17
"789",146,0.276595744680851,1.29139685476411,47,0.839702317089964,386.280121477506,17
"790",149,0.0357142857142857,0.0357142857142857,28,0,423.5156372414,17
"791",150,0.159090909090909,0.322938689217759,44,0.871844576008795,435.6476372414,17
"792",151,0.12962962962963,0.53004891684137,54,0.961634400620135,450.2366372414,17
"793",152,0.0169491525423729,0.0169491525423729,59,0,466.0766372414,17
"794",153,0.308823529411765,2.42559262510975,68,0.924391642127016,483.3206372414,17
"795",157,0,0,77,1,525.2966372414,17
"796",158,0.0333333333333333,0.0333333333333333,30,0,528.964029910171,17
"797",159,0,0,29,1,531.266047438584,17
"798",160,0.0631578947368421,0.123628219484882,95,0,537.028876280841,17
"799",161,0,0,15,1,542.256919034829,17
"800",163,0.0222222222222222,0.0222222222222222,45,0,570.160228253918,17
"801",164,0.0404040404040404,0.059575345289631,99,0.932561346493768,581.624726983338,17
"802",165,0.024390243902439,0.0240891297801867,82,0,597.185726983338,17
"803",166,0.153846153846154,0.215384615384615,26,0.743214357803192,607.078634356476,17
"804",170,0.0697674418604651,0.1140642303433,43,0.919677458338057,664.010759530693,17
"805",171,0.0720720720720721,0.158394758394758,111,0.954651879185655,675.832271983269,17
"806",172,0.05,0.0487179487179487,40,0,690.108163743471,17
"807",173,0.307692307692308,0.744939271255061,39,0.853839922040096,708.846163743471,17
"808",174,0.0476190476190476,0.0476190476190476,21,0,728.808163743471,17
"809",177,0.136363636363636,0.123376623376623,22,0,764.250163743471,17
"810",178,0.0377358490566038,0.0370101596516691,53,0,770.870338315502,17
"811",179,0,0,126,1,783.422778099188,17
"812",180,0.111111111111111,0.179487179487179,27,0.87207891513098,800.262021947941,17
"813",181,0.0869565217391304,0.173913043478261,23,0.945316223631105,821.790021947941,17
"814",184,0.0222222222222222,0.0222222222222222,45,0,875.169021947941,17
"815",185,0.0126582278481013,0.0126582278481013,79,0,888.876021947941,17
"816",186,0.0123456790123457,0.0123456790123457,81,0,901.084920633215,17
"817",187,0.0222222222222222,0.0222222222222222,45,0,916.846354083903,17
"818",188,0,NA,1,1,937.304057909862,17
"819",191,0,0,26,1,1016.04252335698,17
"820",192,0,0,44,1,1043.56440643765,17
"821",193,0.0344827586206897,0.0335832083958021,116,0,1070.65427333066,17
"822",194,0.0363636363636364,0.0356902356902357,55,0,1096.73857050448,17
"823",195,0,0,11,1,1126.10984773811,17
"824",198,0,0,68,1,1202.97399897851,17
"825",199,0,0,84,1,1227.43599897851,17
"826",200,0.0111111111111111,0.0111111111111111,90,0,1253.92416550908,17
"827",202,0,0,5,1,1308.08486031386,17
"828",205,0,0,36,1,1365.41486031386,17
"829",206,0,0,120,1,1384.10786031386,17
"830",208,0,0,8,1,1432.41330518812,17
"831",209,0.0246913580246914,0.0243827160493827,81,0,1456.80308792827,17
"832",211,0,0,24,1,1503.79244689412,17
"833",212,0,0,31,1,1527.24295600324,17
"834",213,0,0,48,1,1551.26395600324,17
"835",214,0,0,60,1,1574.49607904192,17
"836",215,0,0,59,1,1596.84307904192,17
"837",216,0,0,28,1,1617.51855365803,17
"838",219,0,0,28,1,1697.21052355843,17
"839",220,0,0,26,1,1722.13514314516,17
"840",221,0,0,17,1,1750.15040477041,17
"841",222,0.0333333333333333,0.0550561797752809,90,0.961623674539294,1773.55341955255,17
"842",223,0,0,65,1,1796.87596362266,17
"843",224,0,0,24,1,1821.8832924469,17
"844",226,0,0,41,1,1871.74033151461,17
"845",227,0,0,96,1,1897.42504241093,17
"846",228,0,0,23,1,1923.97797832439,17
"847",229,0,0,26,1,1946.3475284903,17
"848",230,0,0,62,1,1970.35694793059,17
"849",233,0,0,63,1,2048.45947017763,17
"850",234,0,0,55,1,2072.50835395352,17
"851",235,0,0,60,1,2094.04535395352,17
"852",236,0,0,61,1,2112.63935395352,17
"853",237,0,0,13,1,2127.57935395352,17
"854",240,0,0,36,1,2182.39001469327,17
"855",241,0.0113636363636364,0.0113636363636364,88,0,2201.39801469327,17
"856",242,0,0,72,1,2216.05001469327,17
"857",243,0,0,58,1,2230.53592480876,17
"858",114,0,0,2,1,135.925506279137,18
"859",116,0,0,19,1,157.207103543695,18
"860",119,0,0,36,1,173.229557483382,18
"861",120,0,0,87,1,174.752760851331,18
"862",121,0,0,60,1,179.207538024097,18
"863",123,0,0,35,1,199.317796139506,18
"864",124,0,0,27,1,211.005619243134,18
"865",126,0,0,61,1,242.627994124964,18
"866",127,0,0,95,1,260.929580213218,18
"867",129,0,0,39,1,299.327187431323,18
"868",130,0,0,22,1,319.066243193631,18
"869",131,0,0,22,1,338.515243193631,18
"870",132,0,0,2,1,356.830243193631,18
"871",133,0.35,1.29210526315789,20,0,369.880243193631,18
"872",134,0.0140845070422535,0.0140845070422535,71,0,376.793758164269,18
"873",135,0.0188679245283019,0.0188679245283019,53,0,385.8194684358,18
"874",136,0,0,79,1,397.8884684358,18
"875",137,0,0,27,1,409.759694860078,18
"876",139,0,NA,1,1,430.945116239181,18
"877",140,0.222222222222222,0.535947712418301,18,0.860100225761125,442.300365603966,18
"878",141,0,0,10,1,449.647469932765,18
"879",142,0.0125,0.0125,80,0,451.221460342696,18
"880",143,0.01,0.01,100,0,455.920545792826,18
"881",144,0,0,43,1,461.804985808781,18
"882",146,0,0,13,1,476.442080650187,18
"883",147,0.0555555555555556,0.0555555555555556,18,0,486.216080650187,18
"884",148,0,0,53,1,497.601080650187,18
"885",149,0,0,71,1,504.972080650187,18
"886",150,0.0099009900990099,0.0099009900990099,101,0,512.661941521801,18
"887",151,0,0,5,1,523.221480152914,18
"888",153,0.125,0.116666666666667,16,0,543.643839157708,18
"889",154,0,0,35,1,556.360290750656,18
"890",155,0,0,69,1,572.243059824444,18
"891",156,0.0625,0.10996835443038,80,0.944271785354363,591.521059824444,18
"892",157,0.0444444444444444,0.0888888888888889,45,0.972050514300343,611.717059824444,18
"893",158,0,0,3,1,634.496059824444,18
"894",161,0,0,27,1,680.929965770524,18
"895",162,0,0,98,1,695.379103777528,18
"896",163,0,0,31,1,708.537103777528,18
"897",164,0,0,32,1,719.691406983496,18
"898",165,0.153846153846154,0.307692307692308,13,0.903251780270417,733.659406983496,18
"899",166,0,0,56,1,747.866272342064,18
"900",167,0,0,2,1,766.577272342064,18
"901",168,0.0192307692307692,0.0192307692307692,52,0,787.997272342064,18
"902",169,0.0166666666666667,0.0166666666666667,60,0,804.125272342064,18
"903",170,0,0,7,1,814.169272342064,18
"904",172,0,0,24,1,832.295272342064,18
"905",173,0.010989010989011,0.010989010989011,91,0,845.975272342064,18
"906",175,0,0,45,1,876.593272342064,18
"907",176,0.0163934426229508,0.0162579596260669,122,0,891.290272342064,18
"908",177,0.0416666666666667,0.0407801418439716,48,0,907.706272342064,18
"909",178,0,0,31,1,923.654272342064,18
"910",182,0.03125,0.03125,32,0,1018.97405322776,18
"911",183,0,0,62,1,1047.87806617185,18
"912",184,0,0,94,1,1075.112631367,18
"913",185,0.0769230769230769,0.111613876319759,52,0.871607178901596,1100.82966210846,18
"914",186,0,0,14,1,1125.34566210846,18
"915",189,0.0121951219512195,0.0121951219512195,82,0,1188.97986722837,18
"916",190,0.0108695652173913,0.0108695652173913,92,0,1212.40706148832,18
"917",191,0.0178571428571429,0.0178571428571429,56,0,1237.35452885123,18
"918",192,0,0,11,1,1259.80952885123,18
"919",193,0,0,11,1,1276.22552885123,18
"920",196,0.025,0.025,40,0,1333.09609962822,18
"921",197,0.0277777777777778,0.0273865414710485,72,0,1353.81412825886,18
"922",199,0.0147058823529412,0.0147058823529412,68,0,1400.5751254768,18
"923",200,0,0,68,1,1426.1069667243,18
"924",201,0,0,3,1,1451.28157746318,18
"925",203,0,0,12,1,1506.71455125572,18
"926",204,0,0,81,1,1534.57715302514,18
"927",205,0,0,57,1,1562.791824922,18
"928",206,0.0147058823529412,0.0147058823529412,68,0,1589.43781353912,18
"929",207,0,0,41,1,1614.85192360245,18
"930",210,0,0,37,1,1688.29122588486,18
"931",211,0,0,41,1,1711.06306470737,18
"932",212,0,0,85,1,1734.93176991924,18
"933",213,0,0,73,1,1761.79783800721,18
"934",214,0,0,3,1,1782.41683800721,18
"935",217,0,0,64,1,1850.38017100359,18
"936",218,0,0,22,1,1874.64071376809,18
"937",219,0,0,20,1,1900.66825852342,18
"938",220,0.0111111111111111,0.0111111111111111,90,0,1928.56401953345,18
"939",221,0,0,28,1,1955.5164742991,18
"940",223,0,0,22,1,2010.72216169363,18
"941",224,0,0,81,1,2035.38205201955,18
"942",225,0,0,93,1,2061.07526596093,18
"943",226,0,0,44,1,2084.30978267612,18
"944",227,0,NA,1,1,2111.30734525238,18
"945",228,0,0,8,1,2134.12892805332,18
"946",230,0,0,63,1,2178.9088571661,18
"947",231,0,0,96,1,2201.3818571661,18
"948",232,0,0,45,1,2220.9748571661,18
"949",233,0,0,46,1,2242.5847035611,18
"950",238,0,0,104,1,2339.95914907986,18
"951",239,0,0,125,1,2359.36314907986,18
"952",240,0,0,23,1,2378.04714907986,18
"953",247,0,0,23,1,2518.70940142571,18
"954",248,0,0,22,1,2538.92340142571,18
"955",105,0,0,2,1,111.062727721259,19
"956",114,0,0,18,1,144.544581457905,19
"957",115,0,0,8,1,147.465726822026,19
"958",118,0,0,13,1,156.765376477622,19
"959",119,0,0,19,1,163.613582032074,19
"960",120,0,0,12,1,173.676216263399,19
"961",122,0,0,27,1,203.827177805407,19
"962",123,0,0,147,1,212.603557065279,19
"963",125,0,0,47,1,220.846533192657,19
"964",126,0.0357142857142857,0.0357142857142857,28,0,226.95241801475,19
"965",127,0,0,42,1,234.307141901746,19
"966",128,0,0,26,1,242.2020614511,19
"967",129,0.0120481927710843,0.0120481927710843,83,0,248.957014818563,19
"968",130,0,0,19,1,254.123096215525,19
"969",132,0,0,48,1,271.438486224219,19
"970",134,0,0,29,1,299.393940764358,19
"971",135,0,0,63,1,315.845940764358,19
"972",136,0,0,10,1,334.079940764358,19
"973",137,0,0,58,1,342.558327984704,19
"974",139,0.0263157894736842,0.0259649122807018,76,0,361.587000788617,19
"975",140,0,0,42,1,375.116678738617,19
"976",141,0.0425531914893617,0.0416281221091582,47,0,392.018678738617,19
"977",142,0,0,56,1,411.872678738617,19
"978",143,0,0,6,1,429.845678738617,19
"979",144,0,0,17,1,441.908105783101,19
"980",146,0,0,104,1,458.113843511368,19
"981",147,0,0,48,1,469.220826017567,19
"982",148,0,0,23,1,478.109040326397,19
"983",149,0,0,60,1,487.973040326397,19
"984",150,0,0,9,1,498.849184398679,19
"985",153,0,0,120,1,546.15454219991,19
"986",154,0,0,54,1,561.787854244008,19
"987",155,0,0,28,1,577.626636201444,19
"988",156,0.0263157894736842,0.0263157894736842,38,0,592.962636201444,19
"989",160,0.00952380952380952,0.00952380952380952,105,0,660.715205391501,19
"990",161,0,0,55,1,675.925205391501,19
"991",162,0,0,33,1,689.894922472483,19
"992",163,0.0645161290322581,0.0623655913978495,31,0,709.919922472483,19
"993",164,0.05,0.05,20,0,718.766922472483,19
"994",167,0,0,29,1,750.725922472483,19
"995",168,0.0185185185185185,0.037037037037037,108,0.988354380958476,764.183895226686,19
"996",169,0.0172413793103448,0.0172413793103448,58,0,781.823895226686,19
"997",170,0,0,4,1,799.490895226686,19
"998",171,0,0,41,1,815.771895226686,19
"999",174,0.0336134453781513,0.0497080188007406,119,0.943895573973807,870.519082833069,19
"1000",176,0,0,51,1,905.457082833069,19
"1001",177,0,0,51,1,925.410082833069,19
"1002",178,0,0,14,1,942.780082833069,19
"1003",179,0,0,5,1,959.628082833069,19
"1004",181,0,0,37,1,993.072082833069,19
"1005",182,0,0,40,1,1014.36950035238,19
"1006",183,0.0476190476190476,0.0464576074332172,42,0,1039.33427290344,19
"1007",184,0.00862068965517241,0.00862068965517241,116,0,1067.45610553685,19
"1008",185,0,0,7,1,1089.83010553685,19
"1009",188,0,0,58,1,1169.09050355301,19
"1010",189,0,0,39,1,1195.62364964844,19
"1011",190,0,0,55,1,1224.0617194943,19
"1012",191,0.0131578947368421,0.0131578947368421,76,0,1251.82503668995,19
"1013",192,0,0,15,1,1276.40834484729,19
"1014",195,0,0,37,1,1361.16961227814,19
"1015",196,0,0,42,1,1388.94507806053,19
"1016",197,0.0227272727272727,0.0227272727272727,44,0,1417.36213634714,19
"1017",198,0,0,102,1,1446.99153419534,19
"1018",199,0,0,25,1,1475.95325215798,19
"1019",202,0,0,41,1,1550.61725215798,19
"1020",203,0,0,42,1,1567.76225215798,19
"1021",204,0,0,41,1,1588.79525215798,19
"1022",205,0,0,85,1,1598.76725215798,19
"1023",207,0,0,40,1,1635.02825215798,19
"1024",209,0.0106382978723404,0.0106382978723404,94,0,1684.80290615376,19
"1025",210,0.0119047619047619,0.0119047619047619,84,0,1712.06606586223,19
"1026",211,0,0,16,1,1740.64896906717,19
"1027",213,0,0,47,1,1795.94865512161,19
"1028",216,0,0,115,1,1874.45072084661,19
"1029",217,0.015625,0.015625,64,0,1902.71527531511,19
"1030",218,0,0,16,1,1931.05449572092,19
"1031",219,0,0,47,1,1958.24711159336,19
"1032",223,0,0,109,1,2060.41892878014,19
"1033",224,0.0163934426229508,0.0163934426229508,61,0,2085.3805510967,19
"1034",225,0,0,26,1,2112.3625510967,19
"1035",226,0,0,44,1,2131.7935510967,19
"1036",227,0,NA,1,1,2150.2615510967,19
"1037",230,0,0,98,1,2224.46250486819,19
"1038",231,0,0,59,1,2253.72079755132,19
"1039",232,0.03125,0.03125,32,0,2278.72279755132,19
"1040",233,0,0,31,1,2296.48879755132,19
"1041",234,0,0,19,1,2312.59879755132,19
"1042",237,0.0101010101010101,0.0101010101010101,99,0,2365.95979755132,19
"1043",238,0.0153846153846154,0.0153846153846154,65,0,2388.00004570002,19
"1044",239,0,0,57,1,2413.78645608326,19
"1045",240,0,0,22,1,2437.48345608326,19
"1046",245,0,0,5,1,2510.0764377113,19
"1047",246,0,0,72,1,2522.0374377113,19
"1048",103,0,0,13,1,149.41946531722,20
"1049",104,0,0,29,1,151.428381198475,20
"1050",105,0,0,32,1,155.490730905524,20
"1051",106,0,0,12,1,162.060121657489,20
"1052",110,0,0,23,1,199.225402578278,20
"1053",111,0,0,85,1,211.118054616505,20
"1054",112,0,0,38,1,217.99929661728,20
"1055",118,0,0,69,1,254.737563924678,20
"1056",119,0.0333333333333333,0.0333333333333333,30,0,264.394485167798,20
"1057",120,0.0144927536231884,0.0144927536231884,69,0,269.894400924189,20
"1058",121,0.157894736842105,0.460881934566145,38,0,280.44815539547,20
"1059",122,0,0,33,1,287.410737366955,20
"1060",123,0,0,22,1,295.672349134557,20
"1061",125,0,0,30,1,310.628853047701,20
"1062",126,0,0,27,1,315.121274760513,20
"1063",127,0.0533333333333333,0.213333333333333,75,0.986392415983715,323.760874072697,20
"1064",128,0,0,89,1,334.786103457357,20
"1065",131,0.0208333333333333,0.0208333333333333,48,0,371.545268346863,20
"1066",132,0.0813953488372093,0.0991792065663475,86,0.736135907295962,378.326393549063,20
"1067",133,0,0,51,1,383.461108840272,20
"1068",134,0,0,39,1,392.725517035026,20
"1069",135,0,0,5,1,405.172886674768,20
"1070",136,0,0,17,1,422.893886674768,20
"1071",138,0,0,6,1,452.080886674768,20
"1072",139,0.0681818181818182,0.204545454545455,44,0.975815563049238,468.950320790355,20
"1073",140,0,0,61,1,486.743320790355,20
"1074",141,0.010989010989011,0.010989010989011,91,0,505.724320790355,20
"1075",142,0.0263157894736842,0.0263157894736842,38,0,526.291843275528,20
"1076",145,0,0,54,1,580.275367884768,20
"1077",146,0,0,40,1,594.495367884768,20
"1078",147,0.0101010101010101,0.0101010101010101,99,0,610.254367884768,20
"1079",148,0,0,15,1,629.469367884768,20
"1080",149,0,0,30,1,650.745367884768,20
"1081",150,0,0,6,1,671.751367884768,20
"1082",151,0,0,28,1,688.527367884768,20
"1083",152,0,0,71,1,704.952367884768,20
"1084",154,0,0,69,1,725.742367884768,20
"1085",155,0.0357142857142857,0.0357142857142857,28,0,741.726367884768,20
"1086",156,0,0,39,1,759.726367884768,20
"1087",158,0,0,39,1,806.206636228142,20
"1088",159,0,0,18,1,832.67534300106,20
"1089",160,0,0,24,1,858.2615380435,20
"1090",161,0,0,98,1,885.332667799814,20
"1091",162,0,0,30,1,909.712672389272,20
"1092",163,0,0,29,1,923.527672389273,20
"1093",164,0,0,4,1,935.669658713117,20
"1094",166,0,0,28,1,968.810281135548,20
"1095",167,0,0,29,1,989.334000382661,20
"1096",168,0.0194174757281553,0.0192271083190558,103,0,1015.89000160289,20
"1097",169,0.121951219512195,0.209756097560976,41,0.891262020203634,1039.68600160289,20
"1098",170,0,0,44,1,1062.05100160289,20
"1099",172,0,0,25,1,1095.98100160289,20
"1100",173,0,0,19,1,1115.65250644953,20
"1101",174,0.0147058823529412,0.0147058823529412,68,0,1139.73483261202,20
"1102",175,0,0,71,1,1162.759558538,20
"1103",176,0.0232558139534884,0.0232558139534884,43,0,1188.85189206265,20
"1104",177,0,0,16,1,1216.98008883958,20
"1105",179,0,0,50,1,1275.32687062158,20
"1106",180,0,0,45,1,1305.72199004246,20
"1107",181,0,0,97,1,1334.26657452646,20
"1108",182,0,0,30,1,1365.12421021743,20
"1109",183,0,0,12,1,1392.50455884457,20
"1110",184,0,0,6,1,1421.86042138851,20
"1111",186,0,0,56,1,1481.50274849579,20
"1112",187,0.0185185185185185,0.0185185185185185,54,0,1506.20694706537,20
"1113",188,0,0,93,1,1537.01529563138,20
"1114",189,0,0,30,1,1563.62163265153,20
"1115",194,0,0,34,1,1695.00320803606,20
"1116",195,0.0111111111111111,0.0111111111111111,90,0,1719.16112828343,20
"1117",196,0.0120481927710843,0.0120481927710843,83,0,1743.73209737375,20
"1118",199,0,0,33,1,1813.45986408377,20
"1119",201,0,0,32,1,1869.73945043526,20
"1120",202,0.0106382978723404,0.0106382978723404,94,0,1894.62284112913,20
"1121",203,0.0161290322580645,0.0161290322580645,62,0,1917.71684112913,20
"1122",204,0.0172413793103448,0.0172413793103448,58,0,1941.13484112913,20
"1123",207,0,0,6,1,1998.21284112913,20
"1124",208,0,0,30,1,2015.40284112913,20
"1125",209,0,0,31,1,2035.02284112913,20
"1126",210,0,0,16,1,2057.88892335228,20
"1127",211,0,0,49,1,2081.67480078808,20
"1128",212,0.0120481927710843,0.0120481927710843,83,0,2107.34028029319,20
"1129",213,0,0,26,1,2133.46075724024,20
"1130",214,0,0,18,1,2159.79770368639,20
"1131",216,0,0,115,1,2215.27227358013,20
"1132",217,0,0,81,1,2234.32527358013,20
"1133",218,0,0,41,1,2254.78227358013,20
"1134",220,0,0,2,1,2298.48860125235,20
"1135",221,0,0,19,1,2324.24220157836,20
"1136",222,0,0,22,1,2351.58775438583,20
"1137",223,0,0,22,1,2379.27408411528,20
"1138",224,0,0,60,1,2405.60437140586,20
"1139",225,0.0303030303030303,0.0296846011131725,99,0,2433.02052266862,20
"1140",227,0,0,23,1,2481.04416200299,20
"1141",228,0,0,12,1,2500.85316200299,20
"1142",229,0,0,30,1,2522.99765427144,20
"1143",230,0,0,97,1,2545.99167204022,20
"1144",231,0,0,58,1,2568.84622747408,20
"1145",232,0.0175438596491228,0.0175438596491228,57,0,2594.60290478388,20
"1146",235,0,0,31,1,2642.07128613968,20
"1147",236,0,0,2,1,2656.38128613968,20
"1148",238,0,0,23,1,2689.41128613968,20
"1149",239,0,0,12,1,2709.78728613968,20
"1150",240,0,0,57,1,2730.45128613968,20
"1151",243,0,0,65,1,2778.58328613968,20
"1152",244,0.0434782608695652,0.0434782608695652,23,0,2793.58628613968,20
