"","Date","Traps","Counts"
"1",2018-04-23,1,0
"2",2018-04-23,2,0
"3",2018-04-23,3,0
"4",2018-04-23,4,0
"5",2018-04-23,5,0
"6",2018-04-23,6,0
"7",2018-04-23,7,0
"8",2018-04-23,8,0
"9",2018-04-23,9,0
"10",2018-04-23,10,0
"11",2018-04-23,11,0
"12",2018-04-23,12,0
"13",2018-04-23,13,0
"14",2018-04-23,14,0
"15",2018-04-23,15,0
"16",2018-04-23,16,0
"17",2018-04-23,17,0
"18",2018-04-23,18,0
"19",2018-04-23,19,0
"20",2018-04-23,20,0
"21",2018-04-23,21,0
"22",2018-04-23,22,0
"23",2018-04-23,23,0
"24",2018-04-23,24,0
"25",2018-04-23,25,0
"26",2018-04-23,26,0
"27",2018-04-23,27,0
"28",2018-04-23,28,0
"29",2018-04-23,29,0
"30",2018-04-23,30,0
"31",2018-04-23,31,0
"32",2018-04-23,32,0
"33",2018-04-23,33,0
"34",2018-04-23,34,0
"35",2018-04-23,35,0
"36",2018-04-23,36,0
"37",2018-04-23,37,0
"38",2018-04-23,38,0
"39",2018-04-23,39,0
"40",2018-04-23,40,0
"41",2018-04-23,41,0
"42",2018-04-23,42,0
"43",2018-04-23,43,0
"44",2018-04-23,44,0
"45",2018-04-23,45,0
"46",2018-04-23,46,0
"47",2018-04-23,47,0
"48",2018-04-23,48,0
"49",2018-04-23,49,0
"50",2018-04-23,50,0
"51",2018-04-23,51,0
"52",2018-04-23,52,0
"53",2018-04-23,53,0
"54",2018-04-23,54,0
"55",2018-04-23,55,0
"56",2018-04-23,56,0
"57",2018-04-23,57,0
"58",2018-04-23,58,0
"59",2018-04-23,59,0
"60",2018-04-23,60,0
"61",2018-04-23,61,0
"62",2018-04-23,62,0
"63",2018-04-23,63,0
"64",2018-04-23,64,0
"65",2018-04-23,65,0
"66",2018-04-23,66,0
"67",2018-04-23,67,0
"68",2018-04-23,68,0
"69",2018-04-23,69,0
"70",2018-04-23,70,0
"71",2018-04-23,71,0
"72",2018-04-23,72,0
"73",2018-04-23,73,0
"74",2018-04-23,74,0
"75",2018-04-23,75,0
"76",2018-04-23,76,0
"77",2018-04-23,77,0
"78",2018-04-23,78,0
"79",2018-04-23,79,0
"80",2018-04-23,80,0
"81",2018-04-23,81,0
"82",2018-04-23,82,0
"83",2018-04-23,83,0
"84",2018-04-23,84,0
"85",2018-04-23,85,0
"86",2018-04-23,86,0
"87",2018-04-30,1,0
"88",2018-04-30,2,0
"89",2018-04-30,3,0
"90",2018-04-30,4,0
"91",2018-04-30,5,0
"92",2018-04-30,6,0
"93",2018-04-30,7,0
"94",2018-04-30,8,0
"95",2018-04-30,9,0
"96",2018-04-30,10,0
"97",2018-04-30,11,0
"98",2018-04-30,12,0
"99",2018-04-30,13,0
"100",2018-04-30,14,0
"101",2018-04-30,15,0
"102",2018-04-30,16,0
"103",2018-04-30,17,0
"104",2018-04-30,18,0
"105",2018-04-30,19,0
"106",2018-04-30,20,0
"107",2018-04-30,21,0
"108",2018-04-30,22,0
"109",2018-04-30,23,0
"110",2018-04-30,24,0
"111",2018-04-30,25,0
"112",2018-04-30,26,0
"113",2018-04-30,27,0
"114",2018-04-30,28,0
"115",2018-04-30,29,0
"116",2018-04-30,30,0
"117",2018-04-30,31,0
"118",2018-04-30,32,0
"119",2018-04-30,33,0
"120",2018-04-30,34,0
"121",2018-04-30,35,0
"122",2018-04-30,36,0
"123",2018-04-30,37,0
"124",2018-04-30,38,0
"125",2018-04-30,39,0
"126",2018-04-30,40,0
"127",2018-04-30,41,0
"128",2018-04-30,42,0
"129",2018-04-30,43,0
"130",2018-04-30,44,0
"131",2018-04-30,45,0
"132",2018-04-30,46,0
"133",2018-04-30,47,0
"134",2018-04-30,48,0
"135",2018-04-30,49,0
"136",2018-04-30,50,0
"137",2018-04-30,51,0
"138",2018-04-30,52,0
"139",2018-04-30,53,0
"140",2018-04-30,54,0
"141",2018-04-30,55,0
"142",2018-04-30,56,0
"143",2018-04-30,57,0
"144",2018-04-30,58,0
"145",2018-04-30,59,0
"146",2018-04-30,60,0
"147",2018-04-30,61,0
"148",2018-04-30,62,0
"149",2018-04-30,63,0
"150",2018-04-30,64,0
"151",2018-04-30,65,0
"152",2018-04-30,66,0
"153",2018-04-30,67,0
"154",2018-04-30,68,0
"155",2018-04-30,69,0
"156",2018-04-30,70,0
"157",2018-04-30,71,0
"158",2018-04-30,72,0
"159",2018-04-30,73,0
"160",2018-04-30,74,0
"161",2018-04-30,75,0
"162",2018-04-30,76,0
"163",2018-04-30,77,0
"164",2018-04-30,78,0
"165",2018-04-30,79,0
"166",2018-04-30,80,0
"167",2018-04-30,81,0
"168",2018-04-30,82,0
"169",2018-04-30,83,0
"170",2018-04-30,84,0
"171",2018-04-30,85,0
"172",2018-04-30,86,0
"173",2018-05-07,1,0
"174",2018-05-07,2,0
"175",2018-05-07,3,0
"176",2018-05-07,4,0
"177",2018-05-07,5,0
"178",2018-05-07,6,0
"179",2018-05-07,7,0
"180",2018-05-07,8,0
"181",2018-05-07,9,0
"182",2018-05-07,10,0
"183",2018-05-07,11,0
"184",2018-05-07,12,0
"185",2018-05-07,13,0
"186",2018-05-07,14,0
"187",2018-05-07,15,0
"188",2018-05-07,16,0
"189",2018-05-07,17,0
"190",2018-05-07,18,0
"191",2018-05-07,19,0
"192",2018-05-07,20,0
"193",2018-05-07,21,0
"194",2018-05-07,22,0
"195",2018-05-07,23,0
"196",2018-05-07,24,0
"197",2018-05-07,25,0
"198",2018-05-07,26,0
"199",2018-05-07,27,0
"200",2018-05-07,28,0
"201",2018-05-07,29,0
"202",2018-05-07,30,0
"203",2018-05-07,31,0
"204",2018-05-07,32,0
"205",2018-05-07,33,0
"206",2018-05-07,34,0
"207",2018-05-07,35,0
"208",2018-05-07,36,0
"209",2018-05-07,37,0
"210",2018-05-07,38,0
"211",2018-05-07,39,0
"212",2018-05-07,40,0
"213",2018-05-07,41,0
"214",2018-05-07,42,0
"215",2018-05-07,43,0
"216",2018-05-07,44,0
"217",2018-05-07,45,0
"218",2018-05-07,46,0
"219",2018-05-07,47,0
"220",2018-05-07,48,0
"221",2018-05-07,49,0
"222",2018-05-07,50,0
"223",2018-05-07,51,0
"224",2018-05-07,52,0
"225",2018-05-07,53,0
"226",2018-05-07,54,0
"227",2018-05-07,55,0
"228",2018-05-07,56,0
"229",2018-05-07,57,0
"230",2018-05-07,58,0
"231",2018-05-07,59,1
"232",2018-05-07,60,0
"233",2018-05-07,61,0
"234",2018-05-07,62,0
"235",2018-05-07,63,0
"236",2018-05-07,64,0
"237",2018-05-07,65,0
"238",2018-05-07,66,0
"239",2018-05-07,67,0
"240",2018-05-07,68,0
"241",2018-05-07,69,0
"242",2018-05-07,70,0
"243",2018-05-07,71,0
"244",2018-05-07,72,0
"245",2018-05-07,73,0
"246",2018-05-07,74,0
"247",2018-05-07,75,0
"248",2018-05-07,76,0
"249",2018-05-07,77,0
"250",2018-05-07,78,0
"251",2018-05-07,79,0
"252",2018-05-07,80,0
"253",2018-05-07,81,0
"254",2018-05-07,82,0
"255",2018-05-07,83,0
"256",2018-05-07,84,0
"257",2018-05-07,85,0
"258",2018-05-07,86,0
"259",2018-05-14,1,1
"260",2018-05-14,2,0
"261",2018-05-14,3,1
"262",2018-05-14,4,0
"263",2018-05-14,5,0
"264",2018-05-14,6,0
"265",2018-05-14,7,0
"266",2018-05-14,8,0
"267",2018-05-14,9,0
"268",2018-05-14,10,1
"269",2018-05-14,11,0
"270",2018-05-14,12,0
"271",2018-05-14,13,0
"272",2018-05-14,14,0
"273",2018-05-14,15,0
"274",2018-05-14,16,0
"275",2018-05-14,17,0
"276",2018-05-14,18,0
"277",2018-05-14,19,0
"278",2018-05-14,20,0
"279",2018-05-14,21,0
"280",2018-05-14,22,0
"281",2018-05-14,23,0
"282",2018-05-14,24,0
"283",2018-05-14,25,0
"284",2018-05-14,26,0
"285",2018-05-14,27,0
"286",2018-05-14,28,0
"287",2018-05-14,29,0
"288",2018-05-14,30,1
"289",2018-05-14,31,0
"290",2018-05-14,32,0
"291",2018-05-14,33,0
"292",2018-05-14,34,0
"293",2018-05-14,35,1
"294",2018-05-14,36,0
"295",2018-05-14,37,0
"296",2018-05-14,38,2
"297",2018-05-14,39,0
"298",2018-05-14,40,0
"299",2018-05-14,41,0
"300",2018-05-14,42,0
"301",2018-05-14,43,0
"302",2018-05-14,44,0
"303",2018-05-14,45,0
"304",2018-05-14,46,0
"305",2018-05-14,47,0
"306",2018-05-14,48,1
"307",2018-05-14,49,0
"308",2018-05-14,50,0
"309",2018-05-14,51,0
"310",2018-05-14,52,0
"311",2018-05-14,53,1
"312",2018-05-14,54,0
"313",2018-05-14,55,1
"314",2018-05-14,56,0
"315",2018-05-14,57,0
"316",2018-05-14,58,4
"317",2018-05-14,59,3
"318",2018-05-14,60,0
"319",2018-05-14,61,0
"320",2018-05-14,62,1
"321",2018-05-14,63,0
"322",2018-05-14,64,0
"323",2018-05-14,65,0
"324",2018-05-14,66,0
"325",2018-05-14,67,0
"326",2018-05-14,68,0
"327",2018-05-14,69,0
"328",2018-05-14,70,0
"329",2018-05-14,71,0
"330",2018-05-14,72,0
"331",2018-05-14,73,0
"332",2018-05-14,74,0
"333",2018-05-14,75,0
"334",2018-05-14,76,0
"335",2018-05-14,77,0
"336",2018-05-14,78,0
"337",2018-05-14,79,1
"338",2018-05-14,80,0
"339",2018-05-14,81,0
"340",2018-05-14,82,1
"341",2018-05-14,83,0
"342",2018-05-14,84,0
"343",2018-05-14,85,0
"344",2018-05-14,86,0
"345",2018-05-21,1,0
"346",2018-05-21,2,0
"347",2018-05-21,3,0
"348",2018-05-21,4,0
"349",2018-05-21,5,0
"350",2018-05-21,6,0
"351",2018-05-21,7,0
"352",2018-05-21,8,0
"353",2018-05-21,9,0
"354",2018-05-21,10,3
"355",2018-05-21,11,1
"356",2018-05-21,12,0
"357",2018-05-21,13,0
"358",2018-05-21,14,2
"359",2018-05-21,15,0
"360",2018-05-21,16,0
"361",2018-05-21,17,0
"362",2018-05-21,18,0
"363",2018-05-21,19,0
"364",2018-05-21,20,0
"365",2018-05-21,21,0
"366",2018-05-21,22,0
"367",2018-05-21,23,0
"368",2018-05-21,24,0
"369",2018-05-21,25,0
"370",2018-05-21,26,0
"371",2018-05-21,27,0
"372",2018-05-21,28,0
"373",2018-05-21,29,0
"374",2018-05-21,30,0
"375",2018-05-21,31,0
"376",2018-05-21,32,0
"377",2018-05-21,33,1
"378",2018-05-21,34,0
"379",2018-05-21,35,0
"380",2018-05-21,36,0
"381",2018-05-21,37,0
"382",2018-05-21,38,1
"383",2018-05-21,39,1
"384",2018-05-21,40,0
"385",2018-05-21,41,0
"386",2018-05-21,42,0
"387",2018-05-21,43,0
"388",2018-05-21,44,1
"389",2018-05-21,45,0
"390",2018-05-21,46,1
"391",2018-05-21,47,0
"392",2018-05-21,48,0
"393",2018-05-21,49,0
"394",2018-05-21,50,0
"395",2018-05-21,51,1
"396",2018-05-21,52,0
"397",2018-05-21,53,0
"398",2018-05-21,54,0
"399",2018-05-21,55,1
"400",2018-05-21,56,0
"401",2018-05-21,57,4
"402",2018-05-21,58,5
"403",2018-05-21,59,7
"404",2018-05-21,60,7
"405",2018-05-21,61,1
"406",2018-05-21,62,1
"407",2018-05-21,63,1
"408",2018-05-21,64,1
"409",2018-05-21,65,1
"410",2018-05-21,66,0
"411",2018-05-21,67,0
"412",2018-05-21,68,0
"413",2018-05-21,69,0
"414",2018-05-21,70,1
"415",2018-05-21,71,0
"416",2018-05-21,72,0
"417",2018-05-21,73,0
"418",2018-05-21,74,0
"419",2018-05-21,75,0
"420",2018-05-21,76,0
"421",2018-05-21,77,1
"422",2018-05-21,78,0
"423",2018-05-21,79,1
"424",2018-05-21,80,0
"425",2018-05-21,81,0
"426",2018-05-21,82,1
"427",2018-05-21,83,0
"428",2018-05-21,84,0
"429",2018-05-21,85,0
"430",2018-05-21,86,0
"431",2018-05-28,1,0
"432",2018-05-28,2,1
"433",2018-05-28,3,2
"434",2018-05-28,4,1
"435",2018-05-28,5,0
"436",2018-05-28,6,1
"437",2018-05-28,7,1
"438",2018-05-28,8,0
"439",2018-05-28,9,1
"440",2018-05-28,10,0
"441",2018-05-28,11,0
"442",2018-05-28,12,1
"443",2018-05-28,13,0
"444",2018-05-28,14,0
"445",2018-05-28,15,0
"446",2018-05-28,16,0
"447",2018-05-28,17,0
"448",2018-05-28,18,0
"449",2018-05-28,19,0
"450",2018-05-28,20,0
"451",2018-05-28,21,0
"452",2018-05-28,22,0
"453",2018-05-28,23,1
"454",2018-05-28,24,0
"455",2018-05-28,25,0
"456",2018-05-28,26,0
"457",2018-05-28,27,0
"458",2018-05-28,28,0
"459",2018-05-28,29,0
"460",2018-05-28,30,0
"461",2018-05-28,31,0
"462",2018-05-28,32,0
"463",2018-05-28,33,1
"464",2018-05-28,34,0
"465",2018-05-28,35,1
"466",2018-05-28,36,0
"467",2018-05-28,37,0
"468",2018-05-28,38,1
"469",2018-05-28,39,0
"470",2018-05-28,40,0
"471",2018-05-28,41,0
"472",2018-05-28,42,0
"473",2018-05-28,43,0
"474",2018-05-28,44,0
"475",2018-05-28,45,1
"476",2018-05-28,46,1
"477",2018-05-28,47,1
"478",2018-05-28,48,0
"479",2018-05-28,49,1
"480",2018-05-28,50,5
"481",2018-05-28,51,0
"482",2018-05-28,52,0
"483",2018-05-28,53,2
"484",2018-05-28,54,1
"485",2018-05-28,55,1
"486",2018-05-28,56,1
"487",2018-05-28,57,2
"488",2018-05-28,58,0
"489",2018-05-28,59,5
"490",2018-05-28,60,2
"491",2018-05-28,61,1
"492",2018-05-28,62,1
"493",2018-05-28,63,0
"494",2018-05-28,64,0
"495",2018-05-28,65,0
"496",2018-05-28,66,1
"497",2018-05-28,67,0
"498",2018-05-28,68,0
"499",2018-05-28,69,1
"500",2018-05-28,70,0
"501",2018-05-28,71,0
"502",2018-05-28,72,0
"503",2018-05-28,73,0
"504",2018-05-28,74,0
"505",2018-05-28,75,0
"506",2018-05-28,76,0
"507",2018-05-28,77,0
"508",2018-05-28,78,0
"509",2018-05-28,79,0
"510",2018-05-28,80,0
"511",2018-05-28,81,0
"512",2018-05-28,82,0
"513",2018-05-28,83,0
"514",2018-05-28,84,0
"515",2018-05-28,85,0
"516",2018-05-28,86,1
"517",2018-06-04,1,0
"518",2018-06-04,2,1
"519",2018-06-04,3,0
"520",2018-06-04,4,0
"521",2018-06-04,5,0
"522",2018-06-04,6,0
"523",2018-06-04,7,0
"524",2018-06-04,8,0
"525",2018-06-04,9,1
"526",2018-06-04,10,0
"527",2018-06-04,11,0
"528",2018-06-04,12,0
"529",2018-06-04,13,0
"530",2018-06-04,14,0
"531",2018-06-04,15,0
"532",2018-06-04,16,0
"533",2018-06-04,17,0
"534",2018-06-04,18,0
"535",2018-06-04,19,0
"536",2018-06-04,20,0
"537",2018-06-04,21,0
"538",2018-06-04,22,0
"539",2018-06-04,23,0
"540",2018-06-04,24,1
"541",2018-06-04,25,0
"542",2018-06-04,26,0
"543",2018-06-04,27,0
"544",2018-06-04,28,0
"545",2018-06-04,29,0
"546",2018-06-04,30,0
"547",2018-06-04,31,0
"548",2018-06-04,32,2
"549",2018-06-04,33,0
"550",2018-06-04,34,0
"551",2018-06-04,35,0
"552",2018-06-04,36,0
"553",2018-06-04,37,0
"554",2018-06-04,38,0
"555",2018-06-04,39,0
"556",2018-06-04,40,0
"557",2018-06-04,41,0
"558",2018-06-04,42,0
"559",2018-06-04,43,0
"560",2018-06-04,44,0
"561",2018-06-04,45,0
"562",2018-06-04,46,1
"563",2018-06-04,47,0
"564",2018-06-04,48,0
"565",2018-06-04,49,2
"566",2018-06-04,50,1
"567",2018-06-04,51,2
"568",2018-06-04,52,1
"569",2018-06-04,53,0
"570",2018-06-04,54,0
"571",2018-06-04,55,2
"572",2018-06-04,56,0
"573",2018-06-04,57,1
"574",2018-06-04,58,2
"575",2018-06-04,59,8
"576",2018-06-04,60,1
"577",2018-06-04,61,1
"578",2018-06-04,62,0
"579",2018-06-04,63,1
"580",2018-06-04,64,0
"581",2018-06-04,65,0
"582",2018-06-04,66,0
"583",2018-06-04,67,0
"584",2018-06-04,68,0
"585",2018-06-04,69,0
"586",2018-06-04,70,0
"587",2018-06-04,71,0
"588",2018-06-04,72,0
"589",2018-06-04,73,0
"590",2018-06-04,74,0
"591",2018-06-04,75,0
"592",2018-06-04,76,0
"593",2018-06-04,77,0
"594",2018-06-04,78,0
"595",2018-06-04,79,0
"596",2018-06-04,80,0
"597",2018-06-04,81,1
"598",2018-06-04,82,1
"599",2018-06-04,83,0
"600",2018-06-04,84,0
"601",2018-06-04,85,0
"602",2018-06-04,86,0
"603",2018-06-11,1,0
"604",2018-06-11,2,0
"605",2018-06-11,3,0
"606",2018-06-11,4,0
"607",2018-06-11,5,0
"608",2018-06-11,6,0
"609",2018-06-11,7,0
"610",2018-06-11,8,0
"611",2018-06-11,9,0
"612",2018-06-11,10,0
"613",2018-06-11,11,0
"614",2018-06-11,12,0
"615",2018-06-11,13,0
"616",2018-06-11,14,1
"617",2018-06-11,15,0
"618",2018-06-11,16,0
"619",2018-06-11,17,0
"620",2018-06-11,18,0
"621",2018-06-11,19,0
"622",2018-06-11,20,0
"623",2018-06-11,21,0
"624",2018-06-11,22,0
"625",2018-06-11,23,0
"626",2018-06-11,24,0
"627",2018-06-11,25,1
"628",2018-06-11,26,0
"629",2018-06-11,27,0
"630",2018-06-11,28,0
"631",2018-06-11,29,0
"632",2018-06-11,30,0
"633",2018-06-11,31,0
"634",2018-06-11,32,1
"635",2018-06-11,33,0
"636",2018-06-11,34,0
"637",2018-06-11,35,0
"638",2018-06-11,36,0
"639",2018-06-11,37,0
"640",2018-06-11,38,0
"641",2018-06-11,39,0
"642",2018-06-11,40,0
"643",2018-06-11,41,0
"644",2018-06-11,42,0
"645",2018-06-11,43,0
"646",2018-06-11,44,0
"647",2018-06-11,45,0
"648",2018-06-11,46,0
"649",2018-06-11,47,0
"650",2018-06-11,48,0
"651",2018-06-11,49,2
"652",2018-06-11,50,1
"653",2018-06-11,51,5
"654",2018-06-11,52,0
"655",2018-06-11,53,1
"656",2018-06-11,54,1
"657",2018-06-11,55,4
"658",2018-06-11,56,1
"659",2018-06-11,57,3
"660",2018-06-11,58,13
"661",2018-06-11,59,7
"662",2018-06-11,60,4
"663",2018-06-11,61,1
"664",2018-06-11,62,1
"665",2018-06-11,63,0
"666",2018-06-11,64,0
"667",2018-06-11,65,0
"668",2018-06-11,66,1
"669",2018-06-11,67,0
"670",2018-06-11,68,0
"671",2018-06-11,69,1
"672",2018-06-11,70,0
"673",2018-06-11,71,0
"674",2018-06-11,72,0
"675",2018-06-11,73,0
"676",2018-06-11,74,0
"677",2018-06-11,75,0
"678",2018-06-11,76,0
"679",2018-06-11,77,0
"680",2018-06-11,78,0
"681",2018-06-11,79,0
"682",2018-06-11,80,0
"683",2018-06-11,81,0
"684",2018-06-11,82,0
"685",2018-06-11,83,0
"686",2018-06-11,84,0
"687",2018-06-11,85,0
"688",2018-06-11,86,0
"689",2018-06-18,1,1
"690",2018-06-18,2,0
"691",2018-06-18,3,0
"692",2018-06-18,4,0
"693",2018-06-18,5,1
"694",2018-06-18,6,0
"695",2018-06-18,7,0
"696",2018-06-18,8,0
"697",2018-06-18,9,0
"698",2018-06-18,10,7
"699",2018-06-18,11,0
"700",2018-06-18,12,1
"701",2018-06-18,13,0
"702",2018-06-18,14,0
"703",2018-06-18,15,0
"704",2018-06-18,16,0
"705",2018-06-18,17,0
"706",2018-06-18,18,0
"707",2018-06-18,19,0
"708",2018-06-18,20,0
"709",2018-06-18,21,0
"710",2018-06-18,22,0
"711",2018-06-18,23,2
"712",2018-06-18,24,2
"713",2018-06-18,25,2
"714",2018-06-18,26,0
"715",2018-06-18,27,0
"716",2018-06-18,28,0
"717",2018-06-18,29,0
"718",2018-06-18,30,0
"719",2018-06-18,31,0
"720",2018-06-18,32,0
"721",2018-06-18,33,0
"722",2018-06-18,34,0
"723",2018-06-18,35,0
"724",2018-06-18,36,0
"725",2018-06-18,37,0
"726",2018-06-18,38,1
"727",2018-06-18,39,0
"728",2018-06-18,40,0
"729",2018-06-18,41,0
"730",2018-06-18,42,0
"731",2018-06-18,43,0
"732",2018-06-18,44,1
"733",2018-06-18,45,1
"734",2018-06-18,46,1
"735",2018-06-18,47,0
"736",2018-06-18,48,1
"737",2018-06-18,49,1
"738",2018-06-18,50,1
"739",2018-06-18,51,0
"740",2018-06-18,52,1
"741",2018-06-18,53,2
"742",2018-06-18,54,0
"743",2018-06-18,55,5
"744",2018-06-18,56,2
"745",2018-06-18,57,6
"746",2018-06-18,58,7
"747",2018-06-18,59,12
"748",2018-06-18,60,7
"749",2018-06-18,61,7
"750",2018-06-18,62,0
"751",2018-06-18,63,0
"752",2018-06-18,64,3
"753",2018-06-18,65,0
"754",2018-06-18,66,0
"755",2018-06-18,67,1
"756",2018-06-18,68,0
"757",2018-06-18,69,1
"758",2018-06-18,70,0
"759",2018-06-18,71,1
"760",2018-06-18,72,0
"761",2018-06-18,73,0
"762",2018-06-18,74,0
"763",2018-06-18,75,0
"764",2018-06-18,76,0
"765",2018-06-18,77,0
"766",2018-06-18,78,0
"767",2018-06-18,79,0
"768",2018-06-18,80,0
"769",2018-06-18,81,0
"770",2018-06-18,82,0
"771",2018-06-18,83,0
"772",2018-06-18,84,0
"773",2018-06-18,85,0
"774",2018-06-18,86,0
"775",2018-06-25,1,0
"776",2018-06-25,2,0
"777",2018-06-25,3,0
"778",2018-06-25,4,1
"779",2018-06-25,5,0
"780",2018-06-25,6,1
"781",2018-06-25,7,0
"782",2018-06-25,8,0
"783",2018-06-25,9,0
"784",2018-06-25,10,4
"785",2018-06-25,11,0
"786",2018-06-25,12,0
"787",2018-06-25,13,0
"788",2018-06-25,14,0
"789",2018-06-25,15,2
"790",2018-06-25,16,1
"791",2018-06-25,17,0
"792",2018-06-25,18,0
"793",2018-06-25,19,0
"794",2018-06-25,20,0
"795",2018-06-25,21,0
"796",2018-06-25,22,0
"797",2018-06-25,23,0
"798",2018-06-25,24,3
"799",2018-06-25,25,0
"800",2018-06-25,26,0
"801",2018-06-25,27,1
"802",2018-06-25,28,0
"803",2018-06-25,29,0
"804",2018-06-25,30,0
"805",2018-06-25,31,0
"806",2018-06-25,32,0
"807",2018-06-25,33,0
"808",2018-06-25,34,0
"809",2018-06-25,35,0
"810",2018-06-25,36,0
"811",2018-06-25,37,1
"812",2018-06-25,38,1
"813",2018-06-25,39,0
"814",2018-06-25,40,0
"815",2018-06-25,41,0
"816",2018-06-25,42,0
"817",2018-06-25,43,0
"818",2018-06-25,44,1
"819",2018-06-25,45,0
"820",2018-06-25,46,3
"821",2018-06-25,47,0
"822",2018-06-25,48,1
"823",2018-06-25,49,2
"824",2018-06-25,50,2
"825",2018-06-25,51,2
"826",2018-06-25,52,0
"827",2018-06-25,53,2
"828",2018-06-25,54,0
"829",2018-06-25,55,2
"830",2018-06-25,56,3
"831",2018-06-25,57,4
"832",2018-06-25,58,15
"833",2018-06-25,59,11
"834",2018-06-25,60,13
"835",2018-06-25,61,3
"836",2018-06-25,62,1
"837",2018-06-25,63,0
"838",2018-06-25,64,2
"839",2018-06-25,65,1
"840",2018-06-25,66,0
"841",2018-06-25,67,0
"842",2018-06-25,68,0
"843",2018-06-25,69,2
"844",2018-06-25,70,0
"845",2018-06-25,71,0
"846",2018-06-25,72,1
"847",2018-06-25,73,0
"848",2018-06-25,74,0
"849",2018-06-25,75,0
"850",2018-06-25,76,0
"851",2018-06-25,77,1
"852",2018-06-25,78,1
"853",2018-06-25,79,0
"854",2018-06-25,80,1
"855",2018-06-25,81,0
"856",2018-06-25,82,1
"857",2018-06-25,83,0
"858",2018-06-25,84,1
"859",2018-06-25,85,0
"860",2018-06-25,86,0
"861",2018-07-02,1,0
"862",2018-07-02,2,0
"863",2018-07-02,3,0
"864",2018-07-02,4,0
"865",2018-07-02,5,0
"866",2018-07-02,6,0
"867",2018-07-02,7,0
"868",2018-07-02,8,0
"869",2018-07-02,9,0
"870",2018-07-02,10,0
"871",2018-07-02,11,1
"872",2018-07-02,12,1
"873",2018-07-02,13,0
"874",2018-07-02,14,0
"875",2018-07-02,15,0
"876",2018-07-02,16,0
"877",2018-07-02,17,0
"878",2018-07-02,18,0
"879",2018-07-02,19,0
"880",2018-07-02,20,0
"881",2018-07-02,21,0
"882",2018-07-02,22,0
"883",2018-07-02,23,0
"884",2018-07-02,24,0
"885",2018-07-02,25,0
"886",2018-07-02,26,1
"887",2018-07-02,27,0
"888",2018-07-02,28,0
"889",2018-07-02,29,0
"890",2018-07-02,30,0
"891",2018-07-02,31,0
"892",2018-07-02,32,0
"893",2018-07-02,33,0
"894",2018-07-02,34,0
"895",2018-07-02,35,0
"896",2018-07-02,36,0
"897",2018-07-02,37,0
"898",2018-07-02,38,0
"899",2018-07-02,39,0
"900",2018-07-02,40,0
"901",2018-07-02,41,0
"902",2018-07-02,42,1
"903",2018-07-02,43,0
"904",2018-07-02,44,0
"905",2018-07-02,45,0
"906",2018-07-02,46,0
"907",2018-07-02,47,0
"908",2018-07-02,48,0
"909",2018-07-02,49,0
"910",2018-07-02,50,2
"911",2018-07-02,51,1
"912",2018-07-02,52,1
"913",2018-07-02,53,1
"914",2018-07-02,54,0
"915",2018-07-02,55,2
"916",2018-07-02,56,1
"917",2018-07-02,57,1
"918",2018-07-02,58,2
"919",2018-07-02,59,7
"920",2018-07-02,60,3
"921",2018-07-02,61,4
"922",2018-07-02,62,0
"923",2018-07-02,63,0
"924",2018-07-02,64,0
"925",2018-07-02,65,0
"926",2018-07-02,66,0
"927",2018-07-02,67,0
"928",2018-07-02,68,0
"929",2018-07-02,69,0
"930",2018-07-02,70,0
"931",2018-07-02,71,0
"932",2018-07-02,72,0
"933",2018-07-02,73,0
"934",2018-07-02,74,0
"935",2018-07-02,75,0
"936",2018-07-02,76,0
"937",2018-07-02,77,0
"938",2018-07-02,78,0
"939",2018-07-02,79,0
"940",2018-07-02,80,0
"941",2018-07-02,81,0
"942",2018-07-02,82,0
"943",2018-07-02,83,0
"944",2018-07-02,84,0
"945",2018-07-02,85,0
"946",2018-07-02,86,0
"947",2018-07-09,1,0
"948",2018-07-09,2,0
"949",2018-07-09,3,0
"950",2018-07-09,4,0
"951",2018-07-09,5,0
"952",2018-07-09,6,0
"953",2018-07-09,7,0
"954",2018-07-09,8,0
"955",2018-07-09,9,0
"956",2018-07-09,10,0
"957",2018-07-09,11,0
"958",2018-07-09,12,1
"959",2018-07-09,13,0
"960",2018-07-09,14,0
"961",2018-07-09,15,1
"962",2018-07-09,16,0
"963",2018-07-09,17,0
"964",2018-07-09,18,0
"965",2018-07-09,19,0
"966",2018-07-09,20,0
"967",2018-07-09,21,0
"968",2018-07-09,22,0
"969",2018-07-09,23,0
"970",2018-07-09,24,0
"971",2018-07-09,25,0
"972",2018-07-09,26,0
"973",2018-07-09,27,0
"974",2018-07-09,28,0
"975",2018-07-09,29,0
"976",2018-07-09,30,0
"977",2018-07-09,31,0
"978",2018-07-09,32,0
"979",2018-07-09,33,0
"980",2018-07-09,34,0
"981",2018-07-09,35,0
"982",2018-07-09,36,1
"983",2018-07-09,37,0
"984",2018-07-09,38,0
"985",2018-07-09,39,0
"986",2018-07-09,40,0
"987",2018-07-09,41,0
"988",2018-07-09,42,0
"989",2018-07-09,43,0
"990",2018-07-09,44,0
"991",2018-07-09,45,0
"992",2018-07-09,46,0
"993",2018-07-09,47,0
"994",2018-07-09,48,0
"995",2018-07-09,49,0
"996",2018-07-09,50,0
"997",2018-07-09,51,2
"998",2018-07-09,52,0
"999",2018-07-09,53,0
"1000",2018-07-09,54,0
"1001",2018-07-09,55,0
"1002",2018-07-09,56,0
"1003",2018-07-09,57,0
"1004",2018-07-09,58,1
"1005",2018-07-09,59,3
"1006",2018-07-09,60,1
"1007",2018-07-09,61,3
"1008",2018-07-09,62,0
"1009",2018-07-09,63,0
"1010",2018-07-09,64,1
"1011",2018-07-09,65,0
"1012",2018-07-09,66,0
"1013",2018-07-09,67,0
"1014",2018-07-09,68,0
"1015",2018-07-09,69,0
"1016",2018-07-09,70,0
"1017",2018-07-09,71,0
"1018",2018-07-09,72,0
"1019",2018-07-09,73,0
"1020",2018-07-09,74,0
"1021",2018-07-09,75,0
"1022",2018-07-09,76,0
"1023",2018-07-09,77,0
"1024",2018-07-09,78,0
"1025",2018-07-09,79,0
"1026",2018-07-09,80,2
"1027",2018-07-09,81,0
"1028",2018-07-09,82,0
"1029",2018-07-09,83,0
"1030",2018-07-09,84,0
"1031",2018-07-09,85,0
"1032",2018-07-09,86,0
"1033",2018-07-16,1,0
"1034",2018-07-16,2,0
"1035",2018-07-16,3,0
"1036",2018-07-16,4,0
"1037",2018-07-16,5,0
"1038",2018-07-16,6,0
"1039",2018-07-16,7,0
"1040",2018-07-16,8,0
"1041",2018-07-16,9,0
"1042",2018-07-16,10,0
"1043",2018-07-16,11,0
"1044",2018-07-16,12,0
"1045",2018-07-16,13,0
"1046",2018-07-16,14,1
"1047",2018-07-16,15,0
"1048",2018-07-16,16,1
"1049",2018-07-16,17,0
"1050",2018-07-16,18,0
"1051",2018-07-16,19,0
"1052",2018-07-16,20,0
"1053",2018-07-16,21,1
"1054",2018-07-16,22,0
"1055",2018-07-16,23,0
"1056",2018-07-16,24,0
"1057",2018-07-16,25,0
"1058",2018-07-16,26,0
"1059",2018-07-16,27,0
"1060",2018-07-16,28,0
"1061",2018-07-16,29,0
"1062",2018-07-16,30,0
"1063",2018-07-16,31,0
"1064",2018-07-16,32,0
"1065",2018-07-16,33,0
"1066",2018-07-16,34,0
"1067",2018-07-16,35,0
"1068",2018-07-16,36,0
"1069",2018-07-16,37,0
"1070",2018-07-16,38,1
"1071",2018-07-16,39,0
"1072",2018-07-16,40,0
"1073",2018-07-16,41,0
"1074",2018-07-16,42,0
"1075",2018-07-16,43,0
"1076",2018-07-16,44,0
"1077",2018-07-16,45,2
"1078",2018-07-16,46,1
"1079",2018-07-16,47,1
"1080",2018-07-16,48,1
"1081",2018-07-16,49,1
"1082",2018-07-16,50,4
"1083",2018-07-16,51,2
"1084",2018-07-16,52,0
"1085",2018-07-16,53,3
"1086",2018-07-16,54,1
"1087",2018-07-16,55,0
"1088",2018-07-16,56,1
"1089",2018-07-16,57,1
"1090",2018-07-16,58,10
"1091",2018-07-16,59,2
"1092",2018-07-16,60,1
"1093",2018-07-16,61,0
"1094",2018-07-16,62,0
"1095",2018-07-16,63,0
"1096",2018-07-16,64,0
"1097",2018-07-16,65,0
"1098",2018-07-16,66,0
"1099",2018-07-16,67,0
"1100",2018-07-16,68,0
"1101",2018-07-16,69,0
"1102",2018-07-16,70,0
"1103",2018-07-16,71,0
"1104",2018-07-16,72,0
"1105",2018-07-16,73,0
"1106",2018-07-16,74,0
"1107",2018-07-16,75,0
"1108",2018-07-16,76,0
"1109",2018-07-16,77,0
"1110",2018-07-16,78,0
"1111",2018-07-16,79,0
"1112",2018-07-16,80,0
"1113",2018-07-16,81,0
"1114",2018-07-16,82,0
"1115",2018-07-16,83,0
"1116",2018-07-16,84,0
"1117",2018-07-16,85,0
"1118",2018-07-16,86,0
"1119",2018-07-23,1,0
"1120",2018-07-23,2,1
"1121",2018-07-23,3,0
"1122",2018-07-23,4,0
"1123",2018-07-23,5,0
"1124",2018-07-23,6,0
"1125",2018-07-23,7,0
"1126",2018-07-23,8,0
"1127",2018-07-23,9,0
"1128",2018-07-23,10,0
"1129",2018-07-23,11,0
"1130",2018-07-23,12,0
"1131",2018-07-23,13,0
"1132",2018-07-23,14,1
"1133",2018-07-23,15,0
"1134",2018-07-23,16,0
"1135",2018-07-23,17,0
"1136",2018-07-23,18,0
"1137",2018-07-23,19,0
"1138",2018-07-23,20,0
"1139",2018-07-23,21,0
"1140",2018-07-23,22,0
"1141",2018-07-23,23,0
"1142",2018-07-23,24,0
"1143",2018-07-23,25,0
"1144",2018-07-23,26,0
"1145",2018-07-23,27,0
"1146",2018-07-23,28,0
"1147",2018-07-23,29,0
"1148",2018-07-23,30,0
"1149",2018-07-23,31,0
"1150",2018-07-23,32,0
"1151",2018-07-23,33,0
"1152",2018-07-23,34,0
"1153",2018-07-23,35,0
"1154",2018-07-23,36,0
"1155",2018-07-23,37,0
"1156",2018-07-23,38,0
"1157",2018-07-23,39,0
"1158",2018-07-23,40,0
"1159",2018-07-23,41,0
"1160",2018-07-23,42,0
"1161",2018-07-23,43,0
"1162",2018-07-23,44,0
"1163",2018-07-23,45,0
"1164",2018-07-23,46,2
"1165",2018-07-23,47,0
"1166",2018-07-23,48,0
"1167",2018-07-23,49,1
"1168",2018-07-23,50,0
"1169",2018-07-23,51,2
"1170",2018-07-23,52,1
"1171",2018-07-23,53,2
"1172",2018-07-23,54,0
"1173",2018-07-23,55,6
"1174",2018-07-23,56,1
"1175",2018-07-23,57,2
"1176",2018-07-23,58,5
"1177",2018-07-23,59,3
"1178",2018-07-23,60,4
"1179",2018-07-23,61,6
"1180",2018-07-23,62,0
"1181",2018-07-23,63,0
"1182",2018-07-23,64,1
"1183",2018-07-23,65,0
"1184",2018-07-23,66,0
"1185",2018-07-23,67,1
"1186",2018-07-23,68,0
"1187",2018-07-23,69,0
"1188",2018-07-23,70,0
"1189",2018-07-23,71,0
"1190",2018-07-23,72,0
"1191",2018-07-23,73,0
"1192",2018-07-23,74,0
"1193",2018-07-23,75,0
"1194",2018-07-23,76,0
"1195",2018-07-23,77,0
"1196",2018-07-23,78,0
"1197",2018-07-23,79,0
"1198",2018-07-23,80,0
"1199",2018-07-23,81,0
"1200",2018-07-23,82,1
"1201",2018-07-23,83,0
"1202",2018-07-23,84,0
"1203",2018-07-23,85,0
"1204",2018-07-23,86,0
"1205",2018-07-30,1,0
"1206",2018-07-30,2,2
"1207",2018-07-30,3,0
"1208",2018-07-30,4,1
"1209",2018-07-30,5,0
"1210",2018-07-30,6,0
"1211",2018-07-30,7,0
"1212",2018-07-30,8,0
"1213",2018-07-30,9,0
"1214",2018-07-30,10,0
"1215",2018-07-30,11,0
"1216",2018-07-30,12,0
"1217",2018-07-30,13,0
"1218",2018-07-30,14,0
"1219",2018-07-30,15,1
"1220",2018-07-30,16,0
"1221",2018-07-30,17,0
"1222",2018-07-30,18,0
"1223",2018-07-30,19,0
"1224",2018-07-30,20,0
"1225",2018-07-30,21,0
"1226",2018-07-30,22,0
"1227",2018-07-30,23,0
"1228",2018-07-30,24,0
"1229",2018-07-30,25,0
"1230",2018-07-30,26,0
"1231",2018-07-30,27,0
"1232",2018-07-30,28,0
"1233",2018-07-30,29,0
"1234",2018-07-30,30,0
"1235",2018-07-30,31,0
"1236",2018-07-30,32,0
"1237",2018-07-30,33,0
"1238",2018-07-30,34,0
"1239",2018-07-30,35,0
"1240",2018-07-30,36,0
"1241",2018-07-30,37,0
"1242",2018-07-30,38,0
"1243",2018-07-30,39,0
"1244",2018-07-30,40,0
"1245",2018-07-30,41,0
"1246",2018-07-30,42,0
"1247",2018-07-30,43,1
"1248",2018-07-30,44,0
"1249",2018-07-30,45,0
"1250",2018-07-30,46,0
"1251",2018-07-30,47,0
"1252",2018-07-30,48,0
"1253",2018-07-30,49,0
"1254",2018-07-30,50,1
"1255",2018-07-30,51,0
"1256",2018-07-30,52,0
"1257",2018-07-30,53,2
"1258",2018-07-30,54,0
"1259",2018-07-30,55,0
"1260",2018-07-30,56,1
"1261",2018-07-30,57,0
"1262",2018-07-30,58,3
"1263",2018-07-30,59,5
"1264",2018-07-30,60,0
"1265",2018-07-30,61,0
"1266",2018-07-30,62,1
"1267",2018-07-30,63,1
"1268",2018-07-30,64,0
"1269",2018-07-30,65,0
"1270",2018-07-30,66,0
"1271",2018-07-30,67,0
"1272",2018-07-30,68,0
"1273",2018-07-30,69,0
"1274",2018-07-30,70,0
"1275",2018-07-30,71,0
"1276",2018-07-30,72,0
"1277",2018-07-30,73,0
"1278",2018-07-30,74,0
"1279",2018-07-30,75,0
"1280",2018-07-30,76,0
"1281",2018-07-30,77,1
"1282",2018-07-30,78,0
"1283",2018-07-30,79,0
"1284",2018-07-30,80,0
"1285",2018-07-30,81,0
"1286",2018-07-30,82,1
"1287",2018-07-30,83,0
"1288",2018-07-30,84,0
"1289",2018-07-30,85,0
"1290",2018-07-30,86,0
"1291",2018-08-07,1,0
"1292",2018-08-07,2,0
"1293",2018-08-07,3,0
"1294",2018-08-07,4,0
"1295",2018-08-07,5,1
"1296",2018-08-07,6,0
"1297",2018-08-07,7,0
"1298",2018-08-07,8,0
"1299",2018-08-07,9,0
"1300",2018-08-07,10,0
"1301",2018-08-07,11,0
"1302",2018-08-07,12,0
"1303",2018-08-07,13,0
"1304",2018-08-07,14,0
"1305",2018-08-07,15,0
"1306",2018-08-07,16,0
"1307",2018-08-07,17,0
"1308",2018-08-07,18,0
"1309",2018-08-07,19,0
"1310",2018-08-07,20,0
"1311",2018-08-07,21,0
"1312",2018-08-07,22,0
"1313",2018-08-07,23,0
"1314",2018-08-07,24,0
"1315",2018-08-07,25,0
"1316",2018-08-07,26,0
"1317",2018-08-07,27,0
"1318",2018-08-07,28,0
"1319",2018-08-07,29,0
"1320",2018-08-07,30,0
"1321",2018-08-07,31,0
"1322",2018-08-07,32,0
"1323",2018-08-07,33,0
"1324",2018-08-07,34,0
"1325",2018-08-07,35,0
"1326",2018-08-07,36,0
"1327",2018-08-07,37,0
"1328",2018-08-07,38,0
"1329",2018-08-07,39,0
"1330",2018-08-07,40,0
"1331",2018-08-07,41,0
"1332",2018-08-07,42,0
"1333",2018-08-07,43,0
"1334",2018-08-07,44,0
"1335",2018-08-07,45,0
"1336",2018-08-07,46,0
"1337",2018-08-07,47,0
"1338",2018-08-07,48,0
"1339",2018-08-07,49,0
"1340",2018-08-07,50,0
"1341",2018-08-07,51,1
"1342",2018-08-07,52,0
"1343",2018-08-07,53,3
"1344",2018-08-07,54,0
"1345",2018-08-07,55,0
"1346",2018-08-07,56,1
"1347",2018-08-07,57,1
"1348",2018-08-07,58,3
"1349",2018-08-07,59,2
"1350",2018-08-07,60,0
"1351",2018-08-07,61,2
"1352",2018-08-07,62,1
"1353",2018-08-07,63,0
"1354",2018-08-07,64,0
"1355",2018-08-07,65,0
"1356",2018-08-07,66,0
"1357",2018-08-07,67,0
"1358",2018-08-07,68,0
"1359",2018-08-07,69,0
"1360",2018-08-07,70,0
"1361",2018-08-07,71,0
"1362",2018-08-07,72,0
"1363",2018-08-07,73,0
"1364",2018-08-07,74,0
"1365",2018-08-07,75,0
"1366",2018-08-07,76,0
"1367",2018-08-07,77,0
"1368",2018-08-07,78,0
"1369",2018-08-07,79,0
"1370",2018-08-07,80,0
"1371",2018-08-07,81,0
"1372",2018-08-07,82,0
"1373",2018-08-07,83,0
"1374",2018-08-07,84,0
"1375",2018-08-07,85,0
"1376",2018-08-07,86,0
"1377",2018-08-13,1,1
"1378",2018-08-13,2,0
"1379",2018-08-13,3,0
"1380",2018-08-13,4,0
"1381",2018-08-13,5,0
"1382",2018-08-13,6,0
"1383",2018-08-13,7,0
"1384",2018-08-13,8,0
"1385",2018-08-13,9,0
"1386",2018-08-13,10,3
"1387",2018-08-13,11,0
"1388",2018-08-13,12,0
"1389",2018-08-13,13,0
"1390",2018-08-13,14,0
"1391",2018-08-13,15,1
"1392",2018-08-13,16,0
"1393",2018-08-13,17,0
"1394",2018-08-13,18,0
"1395",2018-08-13,19,0
"1396",2018-08-13,20,0
"1397",2018-08-13,21,0
"1398",2018-08-13,22,0
"1399",2018-08-13,23,0
"1400",2018-08-13,24,0
"1401",2018-08-13,25,0
"1402",2018-08-13,26,0
"1403",2018-08-13,27,0
"1404",2018-08-13,28,0
"1405",2018-08-13,29,0
"1406",2018-08-13,30,0
"1407",2018-08-13,31,0
"1408",2018-08-13,32,0
"1409",2018-08-13,33,0
"1410",2018-08-13,34,0
"1411",2018-08-13,35,0
"1412",2018-08-13,36,0
"1413",2018-08-13,37,0
"1414",2018-08-13,38,0
"1415",2018-08-13,39,0
"1416",2018-08-13,40,0
"1417",2018-08-13,41,0
"1418",2018-08-13,42,0
"1419",2018-08-13,43,0
"1420",2018-08-13,44,0
"1421",2018-08-13,45,0
"1422",2018-08-13,46,2
"1423",2018-08-13,47,0
"1424",2018-08-13,48,0
"1425",2018-08-13,49,0
"1426",2018-08-13,50,3
"1427",2018-08-13,51,1
"1428",2018-08-13,52,0
"1429",2018-08-13,53,2
"1430",2018-08-13,54,0
"1431",2018-08-13,55,3
"1432",2018-08-13,56,1
"1433",2018-08-13,57,3
"1434",2018-08-13,58,5
"1435",2018-08-13,59,9
"1436",2018-08-13,60,9
"1437",2018-08-13,61,1
"1438",2018-08-13,62,3
"1439",2018-08-13,63,2
"1440",2018-08-13,64,0
"1441",2018-08-13,65,0
"1442",2018-08-13,66,2
"1443",2018-08-13,67,1
"1444",2018-08-13,68,0
"1445",2018-08-13,69,0
"1446",2018-08-13,70,0
"1447",2018-08-13,71,0
"1448",2018-08-13,72,0
"1449",2018-08-13,73,0
"1450",2018-08-13,74,0
"1451",2018-08-13,75,0
"1452",2018-08-13,76,0
"1453",2018-08-13,77,0
"1454",2018-08-13,78,0
"1455",2018-08-13,79,0
"1456",2018-08-13,80,0
"1457",2018-08-13,81,0
"1458",2018-08-13,82,0
"1459",2018-08-13,83,0
"1460",2018-08-13,84,0
"1461",2018-08-13,85,0
"1462",2018-08-13,86,0
"1463",2018-08-20,1,0
"1464",2018-08-20,2,0
"1465",2018-08-20,3,0
"1466",2018-08-20,4,0
"1467",2018-08-20,5,0
"1468",2018-08-20,6,0
"1469",2018-08-20,7,0
"1470",2018-08-20,8,0
"1471",2018-08-20,9,0
"1472",2018-08-20,10,0
"1473",2018-08-20,11,1
"1474",2018-08-20,12,0
"1475",2018-08-20,13,0
"1476",2018-08-20,14,0
"1477",2018-08-20,15,0
"1478",2018-08-20,16,0
"1479",2018-08-20,17,0
"1480",2018-08-20,18,0
"1481",2018-08-20,19,0
"1482",2018-08-20,20,0
"1483",2018-08-20,21,0
"1484",2018-08-20,22,0
"1485",2018-08-20,23,0
"1486",2018-08-20,24,0
"1487",2018-08-20,25,0
"1488",2018-08-20,26,0
"1489",2018-08-20,27,0
"1490",2018-08-20,28,0
"1491",2018-08-20,29,0
"1492",2018-08-20,30,0
"1493",2018-08-20,31,0
"1494",2018-08-20,32,0
"1495",2018-08-20,33,0
"1496",2018-08-20,34,0
"1497",2018-08-20,35,0
"1498",2018-08-20,36,0
"1499",2018-08-20,37,0
"1500",2018-08-20,38,0
"1501",2018-08-20,39,0
"1502",2018-08-20,40,0
"1503",2018-08-20,41,0
"1504",2018-08-20,42,0
"1505",2018-08-20,43,0
"1506",2018-08-20,44,0
"1507",2018-08-20,45,0
"1508",2018-08-20,46,0
"1509",2018-08-20,47,0
"1510",2018-08-20,48,0
"1511",2018-08-20,49,3
"1512",2018-08-20,50,5
"1513",2018-08-20,51,5
"1514",2018-08-20,52,0
"1515",2018-08-20,53,2
"1516",2018-08-20,54,0
"1517",2018-08-20,55,3
"1518",2018-08-20,56,6
"1519",2018-08-20,57,5
"1520",2018-08-20,58,6
"1521",2018-08-20,59,8
"1522",2018-08-20,60,12
"1523",2018-08-20,61,3
"1524",2018-08-20,62,1
"1525",2018-08-20,63,1
"1526",2018-08-20,64,1
"1527",2018-08-20,65,2
"1528",2018-08-20,66,1
"1529",2018-08-20,67,0
"1530",2018-08-20,68,0
"1531",2018-08-20,69,0
"1532",2018-08-20,70,0
"1533",2018-08-20,71,0
"1534",2018-08-20,72,0
"1535",2018-08-20,73,0
"1536",2018-08-20,74,0
"1537",2018-08-20,75,0
"1538",2018-08-20,76,0
"1539",2018-08-20,77,0
"1540",2018-08-20,78,0
"1541",2018-08-20,79,0
"1542",2018-08-20,80,1
"1543",2018-08-20,81,0
"1544",2018-08-20,82,0
"1545",2018-08-20,83,0
"1546",2018-08-20,84,0
"1547",2018-08-20,85,0
"1548",2018-08-20,86,0
"1549",2018-08-27,1,0
"1550",2018-08-27,2,0
"1551",2018-08-27,3,0
"1552",2018-08-27,4,0
"1553",2018-08-27,5,0
"1554",2018-08-27,6,0
"1555",2018-08-27,7,0
"1556",2018-08-27,8,0
"1557",2018-08-27,9,0
"1558",2018-08-27,10,0
"1559",2018-08-27,11,0
"1560",2018-08-27,12,0
"1561",2018-08-27,13,0
"1562",2018-08-27,14,0
"1563",2018-08-27,15,0
"1564",2018-08-27,16,0
"1565",2018-08-27,17,0
"1566",2018-08-27,18,0
"1567",2018-08-27,19,0
"1568",2018-08-27,20,0
"1569",2018-08-27,21,0
"1570",2018-08-27,22,0
"1571",2018-08-27,23,0
"1572",2018-08-27,24,0
"1573",2018-08-27,25,0
"1574",2018-08-27,26,0
"1575",2018-08-27,27,0
"1576",2018-08-27,28,0
"1577",2018-08-27,29,0
"1578",2018-08-27,30,0
"1579",2018-08-27,31,0
"1580",2018-08-27,32,0
"1581",2018-08-27,33,0
"1582",2018-08-27,34,0
"1583",2018-08-27,35,0
"1584",2018-08-27,36,0
"1585",2018-08-27,37,0
"1586",2018-08-27,38,0
"1587",2018-08-27,39,0
"1588",2018-08-27,40,0
"1589",2018-08-27,41,0
"1590",2018-08-27,42,0
"1591",2018-08-27,43,0
"1592",2018-08-27,44,0
"1593",2018-08-27,45,0
"1594",2018-08-27,46,0
"1595",2018-08-27,47,0
"1596",2018-08-27,48,0
"1597",2018-08-27,49,0
"1598",2018-08-27,50,1
"1599",2018-08-27,51,1
"1600",2018-08-27,52,2
"1601",2018-08-27,53,0
"1602",2018-08-27,54,0
"1603",2018-08-27,55,0
"1604",2018-08-27,56,0
"1605",2018-08-27,57,1
"1606",2018-08-27,58,0
"1607",2018-08-27,59,1
"1608",2018-08-27,60,3
"1609",2018-08-27,61,1
"1610",2018-08-27,62,0
"1611",2018-08-27,63,0
"1612",2018-08-27,64,0
"1613",2018-08-27,65,0
"1614",2018-08-27,66,0
"1615",2018-08-27,67,0
"1616",2018-08-27,68,0
"1617",2018-08-27,69,1
"1618",2018-08-27,70,1
"1619",2018-08-27,71,0
"1620",2018-08-27,72,0
"1621",2018-08-27,73,0
"1622",2018-08-27,74,0
"1623",2018-08-27,75,0
"1624",2018-08-27,76,0
"1625",2018-08-27,77,0
"1626",2018-08-27,78,0
"1627",2018-08-27,79,0
"1628",2018-08-27,80,0
"1629",2018-08-27,81,0
"1630",2018-08-27,82,1
"1631",2018-08-27,83,0
"1632",2018-08-27,84,0
"1633",2018-08-27,85,0
"1634",2018-08-27,86,0
"1635",2018-09-03,1,0
"1636",2018-09-03,2,0
"1637",2018-09-03,3,0
"1638",2018-09-03,4,0
"1639",2018-09-03,5,0
"1640",2018-09-03,6,0
"1641",2018-09-03,7,0
"1642",2018-09-03,8,0
"1643",2018-09-03,9,0
"1644",2018-09-03,10,0
"1645",2018-09-03,11,0
"1646",2018-09-03,12,0
"1647",2018-09-03,13,0
"1648",2018-09-03,14,0
"1649",2018-09-03,15,0
"1650",2018-09-03,16,0
"1651",2018-09-03,17,0
"1652",2018-09-03,18,0
"1653",2018-09-03,19,0
"1654",2018-09-03,20,0
"1655",2018-09-03,21,0
"1656",2018-09-03,22,0
"1657",2018-09-03,23,0
"1658",2018-09-03,24,0
"1659",2018-09-03,25,0
"1660",2018-09-03,26,0
"1661",2018-09-03,27,0
"1662",2018-09-03,28,0
"1663",2018-09-03,29,0
"1664",2018-09-03,30,0
"1665",2018-09-03,31,0
"1666",2018-09-03,32,0
"1667",2018-09-03,33,0
"1668",2018-09-03,34,0
"1669",2018-09-03,35,0
"1670",2018-09-03,36,0
"1671",2018-09-03,37,0
"1672",2018-09-03,38,0
"1673",2018-09-03,39,0
"1674",2018-09-03,40,1
"1675",2018-09-03,41,0
"1676",2018-09-03,42,0
"1677",2018-09-03,43,0
"1678",2018-09-03,44,0
"1679",2018-09-03,45,0
"1680",2018-09-03,46,0
"1681",2018-09-03,47,0
"1682",2018-09-03,48,0
"1683",2018-09-03,49,0
"1684",2018-09-03,50,1
"1685",2018-09-03,51,2
"1686",2018-09-03,52,0
"1687",2018-09-03,53,3
"1688",2018-09-03,54,0
"1689",2018-09-03,55,2
"1690",2018-09-03,56,0
"1691",2018-09-03,57,1
"1692",2018-09-03,58,0
"1693",2018-09-03,59,1
"1694",2018-09-03,60,1
"1695",2018-09-03,61,0
"1696",2018-09-03,62,0
"1697",2018-09-03,63,0
"1698",2018-09-03,64,0
"1699",2018-09-03,65,0
"1700",2018-09-03,66,1
"1701",2018-09-03,67,0
"1702",2018-09-03,68,0
"1703",2018-09-03,69,0
"1704",2018-09-03,70,0
"1705",2018-09-03,71,0
"1706",2018-09-03,72,0
"1707",2018-09-03,73,0
"1708",2018-09-03,74,0
"1709",2018-09-03,75,0
"1710",2018-09-03,76,0
"1711",2018-09-03,77,0
"1712",2018-09-03,78,1
"1713",2018-09-03,79,0
"1714",2018-09-03,80,0
"1715",2018-09-03,81,0
"1716",2018-09-03,82,0
"1717",2018-09-03,83,0
"1718",2018-09-03,84,0
"1719",2018-09-03,85,0
"1720",2018-09-03,86,0
"1721",2018-09-10,1,0
"1722",2018-09-10,2,0
"1723",2018-09-10,3,0
"1724",2018-09-10,4,0
"1725",2018-09-10,5,0
"1726",2018-09-10,6,0
"1727",2018-09-10,7,0
"1728",2018-09-10,8,0
"1729",2018-09-10,9,0
"1730",2018-09-10,10,0
"1731",2018-09-10,11,0
"1732",2018-09-10,12,0
"1733",2018-09-10,13,0
"1734",2018-09-10,14,0
"1735",2018-09-10,15,0
"1736",2018-09-10,16,0
"1737",2018-09-10,17,0
"1738",2018-09-10,18,0
"1739",2018-09-10,19,0
"1740",2018-09-10,20,0
"1741",2018-09-10,21,0
"1742",2018-09-10,22,0
"1743",2018-09-10,23,0
"1744",2018-09-10,24,0
"1745",2018-09-10,25,0
"1746",2018-09-10,26,0
"1747",2018-09-10,27,0
"1748",2018-09-10,28,0
"1749",2018-09-10,29,0
"1750",2018-09-10,30,0
"1751",2018-09-10,31,0
"1752",2018-09-10,32,0
"1753",2018-09-10,33,0
"1754",2018-09-10,34,0
"1755",2018-09-10,35,0
"1756",2018-09-10,36,0
"1757",2018-09-10,37,0
"1758",2018-09-10,38,0
"1759",2018-09-10,39,0
"1760",2018-09-10,40,0
"1761",2018-09-10,41,0
"1762",2018-09-10,42,0
"1763",2018-09-10,43,0
"1764",2018-09-10,44,1
"1765",2018-09-10,45,1
"1766",2018-09-10,46,0
"1767",2018-09-10,47,0
"1768",2018-09-10,48,0
"1769",2018-09-10,49,0
"1770",2018-09-10,50,0
"1771",2018-09-10,51,1
"1772",2018-09-10,52,0
"1773",2018-09-10,53,0
"1774",2018-09-10,54,0
"1775",2018-09-10,55,0
"1776",2018-09-10,56,0
"1777",2018-09-10,57,0
"1778",2018-09-10,58,5
"1779",2018-09-10,59,1
"1780",2018-09-10,60,0
"1781",2018-09-10,61,1
"1782",2018-09-10,62,0
"1783",2018-09-10,63,0
"1784",2018-09-10,64,0
"1785",2018-09-10,65,0
"1786",2018-09-10,66,0
"1787",2018-09-10,67,0
"1788",2018-09-10,68,0
"1789",2018-09-10,69,0
"1790",2018-09-10,70,0
"1791",2018-09-10,71,0
"1792",2018-09-10,72,0
"1793",2018-09-10,73,0
"1794",2018-09-10,74,0
"1795",2018-09-10,75,0
"1796",2018-09-10,76,0
"1797",2018-09-10,77,0
"1798",2018-09-10,78,0
"1799",2018-09-10,79,0
"1800",2018-09-10,80,0
"1801",2018-09-10,81,0
"1802",2018-09-10,82,0
"1803",2018-09-10,83,0
"1804",2018-09-10,84,0
"1805",2018-09-10,85,0
"1806",2018-09-10,86,0
"1807",2018-09-17,1,0
"1808",2018-09-17,2,0
"1809",2018-09-17,3,0
"1810",2018-09-17,4,0
"1811",2018-09-17,5,0
"1812",2018-09-17,6,0
"1813",2018-09-17,7,0
"1814",2018-09-17,8,0
"1815",2018-09-17,9,0
"1816",2018-09-17,10,0
"1817",2018-09-17,11,0
"1818",2018-09-17,12,0
"1819",2018-09-17,13,0
"1820",2018-09-17,14,0
"1821",2018-09-17,15,0
"1822",2018-09-17,16,0
"1823",2018-09-17,17,0
"1824",2018-09-17,18,0
"1825",2018-09-17,19,0
"1826",2018-09-17,20,0
"1827",2018-09-17,21,0
"1828",2018-09-17,22,0
"1829",2018-09-17,23,0
"1830",2018-09-17,24,0
"1831",2018-09-17,25,0
"1832",2018-09-17,26,0
"1833",2018-09-17,27,0
"1834",2018-09-17,28,0
"1835",2018-09-17,29,0
"1836",2018-09-17,30,0
"1837",2018-09-17,31,0
"1838",2018-09-17,32,0
"1839",2018-09-17,33,0
"1840",2018-09-17,34,0
"1841",2018-09-17,35,0
"1842",2018-09-17,36,0
"1843",2018-09-17,37,0
"1844",2018-09-17,38,0
"1845",2018-09-17,39,0
"1846",2018-09-17,40,0
"1847",2018-09-17,41,0
"1848",2018-09-17,42,0
"1849",2018-09-17,43,0
"1850",2018-09-17,44,0
"1851",2018-09-17,45,1
"1852",2018-09-17,46,0
"1853",2018-09-17,47,0
"1854",2018-09-17,48,0
"1855",2018-09-17,49,0
"1856",2018-09-17,50,0
"1857",2018-09-17,51,2
"1858",2018-09-17,52,0
"1859",2018-09-17,53,0
"1860",2018-09-17,54,1
"1861",2018-09-17,55,0
"1862",2018-09-17,56,0
"1863",2018-09-17,57,0
"1864",2018-09-17,58,0
"1865",2018-09-17,59,0
"1866",2018-09-17,60,0
"1867",2018-09-17,61,0
"1868",2018-09-17,62,0
"1869",2018-09-17,63,0
"1870",2018-09-17,64,1
"1871",2018-09-17,65,0
"1872",2018-09-17,66,0
"1873",2018-09-17,67,0
"1874",2018-09-17,68,0
"1875",2018-09-17,69,0
"1876",2018-09-17,70,0
"1877",2018-09-17,71,0
"1878",2018-09-17,72,0
"1879",2018-09-17,73,0
"1880",2018-09-17,74,0
"1881",2018-09-17,75,0
"1882",2018-09-17,76,0
"1883",2018-09-17,77,0
"1884",2018-09-17,78,0
"1885",2018-09-17,79,0
"1886",2018-09-17,80,0
"1887",2018-09-17,81,0
"1888",2018-09-17,82,0
"1889",2018-09-17,83,0
"1890",2018-09-17,84,0
"1891",2018-09-17,85,0
"1892",2018-09-17,86,0
"1893",2018-09-24,1,0
"1894",2018-09-24,2,0
"1895",2018-09-24,3,0
"1896",2018-09-24,4,0
"1897",2018-09-24,5,0
"1898",2018-09-24,6,0
"1899",2018-09-24,7,0
"1900",2018-09-24,8,0
"1901",2018-09-24,9,0
"1902",2018-09-24,10,0
"1903",2018-09-24,11,0
"1904",2018-09-24,12,0
"1905",2018-09-24,13,0
"1906",2018-09-24,14,0
"1907",2018-09-24,15,0
"1908",2018-09-24,16,0
"1909",2018-09-24,17,0
"1910",2018-09-24,18,0
"1911",2018-09-24,19,0
"1912",2018-09-24,20,0
"1913",2018-09-24,21,0
"1914",2018-09-24,22,0
"1915",2018-09-24,23,0
"1916",2018-09-24,24,0
"1917",2018-09-24,25,0
"1918",2018-09-24,26,0
"1919",2018-09-24,27,0
"1920",2018-09-24,28,0
"1921",2018-09-24,29,0
"1922",2018-09-24,30,0
"1923",2018-09-24,31,0
"1924",2018-09-24,32,0
"1925",2018-09-24,33,0
"1926",2018-09-24,34,0
"1927",2018-09-24,35,0
"1928",2018-09-24,36,0
"1929",2018-09-24,37,0
"1930",2018-09-24,38,0
"1931",2018-09-24,39,0
"1932",2018-09-24,40,0
"1933",2018-09-24,41,0
"1934",2018-09-24,42,0
"1935",2018-09-24,43,0
"1936",2018-09-24,44,0
"1937",2018-09-24,45,0
"1938",2018-09-24,46,0
"1939",2018-09-24,47,0
"1940",2018-09-24,48,0
"1941",2018-09-24,49,0
"1942",2018-09-24,50,0
"1943",2018-09-24,51,0
"1944",2018-09-24,52,0
"1945",2018-09-24,53,0
"1946",2018-09-24,54,0
"1947",2018-09-24,55,0
"1948",2018-09-24,56,0
"1949",2018-09-24,57,0
"1950",2018-09-24,58,0
"1951",2018-09-24,59,0
"1952",2018-09-24,60,0
"1953",2018-09-24,61,0
"1954",2018-09-24,62,0
"1955",2018-09-24,63,0
"1956",2018-09-24,64,0
"1957",2018-09-24,65,0
"1958",2018-09-24,66,0
"1959",2018-09-24,67,0
"1960",2018-09-24,68,0
"1961",2018-09-24,69,0
"1962",2018-09-24,70,0
"1963",2018-09-24,71,0
"1964",2018-09-24,72,0
"1965",2018-09-24,73,0
"1966",2018-09-24,74,0
"1967",2018-09-24,75,0
"1968",2018-09-24,76,0
"1969",2018-09-24,77,0
"1970",2018-09-24,78,0
"1971",2018-09-24,79,0
"1972",2018-09-24,80,0
"1973",2018-09-24,81,0
"1974",2018-09-24,82,0
"1975",2018-09-24,83,0
"1976",2018-09-24,84,0
"1977",2018-09-24,85,0
"1978",2018-09-24,86,0
"1979",2018-10-01,1,0
"1980",2018-10-01,2,0
"1981",2018-10-01,3,0
"1982",2018-10-01,4,0
"1983",2018-10-01,5,0
"1984",2018-10-01,6,0
"1985",2018-10-01,7,0
"1986",2018-10-01,8,0
"1987",2018-10-01,9,0
"1988",2018-10-01,10,0
"1989",2018-10-01,11,0
"1990",2018-10-01,12,0
"1991",2018-10-01,13,0
"1992",2018-10-01,14,0
"1993",2018-10-01,15,0
"1994",2018-10-01,16,0
"1995",2018-10-01,17,0
"1996",2018-10-01,18,0
"1997",2018-10-01,19,0
"1998",2018-10-01,20,0
"1999",2018-10-01,21,0
"2000",2018-10-01,22,0
"2001",2018-10-01,23,0
"2002",2018-10-01,24,0
"2003",2018-10-01,25,0
"2004",2018-10-01,26,0
"2005",2018-10-01,27,0
"2006",2018-10-01,28,0
"2007",2018-10-01,29,0
"2008",2018-10-01,30,0
"2009",2018-10-01,31,0
"2010",2018-10-01,32,0
"2011",2018-10-01,33,0
"2012",2018-10-01,34,0
"2013",2018-10-01,35,0
"2014",2018-10-01,36,0
"2015",2018-10-01,37,0
"2016",2018-10-01,38,0
"2017",2018-10-01,39,0
"2018",2018-10-01,40,0
"2019",2018-10-01,41,0
"2020",2018-10-01,42,0
"2021",2018-10-01,43,0
"2022",2018-10-01,44,0
"2023",2018-10-01,45,0
"2024",2018-10-01,46,0
"2025",2018-10-01,47,0
"2026",2018-10-01,48,0
"2027",2018-10-01,49,0
"2028",2018-10-01,50,0
"2029",2018-10-01,51,0
"2030",2018-10-01,52,0
"2031",2018-10-01,53,0
"2032",2018-10-01,54,0
"2033",2018-10-01,55,1
"2034",2018-10-01,56,0
"2035",2018-10-01,57,0
"2036",2018-10-01,58,0
"2037",2018-10-01,59,0
"2038",2018-10-01,60,0
"2039",2018-10-01,61,0
"2040",2018-10-01,62,0
"2041",2018-10-01,63,0
"2042",2018-10-01,64,0
"2043",2018-10-01,65,0
"2044",2018-10-01,66,0
"2045",2018-10-01,67,0
"2046",2018-10-01,68,0
"2047",2018-10-01,69,0
"2048",2018-10-01,70,0
"2049",2018-10-01,71,0
"2050",2018-10-01,72,0
"2051",2018-10-01,73,0
"2052",2018-10-01,74,0
"2053",2018-10-01,75,0
"2054",2018-10-01,76,0
"2055",2018-10-01,77,0
"2056",2018-10-01,78,0
"2057",2018-10-01,79,0
"2058",2018-10-01,80,0
"2059",2018-10-01,81,0
"2060",2018-10-01,82,0
"2061",2018-10-01,83,0
"2062",2018-10-01,84,0
"2063",2018-10-01,85,0
"2064",2018-10-01,86,0
"2065",2018-10-08,1,0
"2066",2018-10-08,2,0
"2067",2018-10-08,3,0
"2068",2018-10-08,4,0
"2069",2018-10-08,5,0
"2070",2018-10-08,6,0
"2071",2018-10-08,7,0
"2072",2018-10-08,8,0
"2073",2018-10-08,9,0
"2074",2018-10-08,10,0
"2075",2018-10-08,11,0
"2076",2018-10-08,12,0
"2077",2018-10-08,13,0
"2078",2018-10-08,14,0
"2079",2018-10-08,15,0
"2080",2018-10-08,16,0
"2081",2018-10-08,17,0
"2082",2018-10-08,18,0
"2083",2018-10-08,19,0
"2084",2018-10-08,20,0
"2085",2018-10-08,21,0
"2086",2018-10-08,22,0
"2087",2018-10-08,23,0
"2088",2018-10-08,24,0
"2089",2018-10-08,25,0
"2090",2018-10-08,26,0
"2091",2018-10-08,27,0
"2092",2018-10-08,28,0
"2093",2018-10-08,29,0
"2094",2018-10-08,30,0
"2095",2018-10-08,31,0
"2096",2018-10-08,32,0
"2097",2018-10-08,33,0
"2098",2018-10-08,34,0
"2099",2018-10-08,35,0
"2100",2018-10-08,36,0
"2101",2018-10-08,37,0
"2102",2018-10-08,38,0
"2103",2018-10-08,39,0
"2104",2018-10-08,40,0
"2105",2018-10-08,41,0
"2106",2018-10-08,42,0
"2107",2018-10-08,43,0
"2108",2018-10-08,44,0
"2109",2018-10-08,45,0
"2110",2018-10-08,46,0
"2111",2018-10-08,47,0
"2112",2018-10-08,48,0
"2113",2018-10-08,49,0
"2114",2018-10-08,50,0
"2115",2018-10-08,51,0
"2116",2018-10-08,52,0
"2117",2018-10-08,53,0
"2118",2018-10-08,54,0
"2119",2018-10-08,55,0
"2120",2018-10-08,56,0
"2121",2018-10-08,57,0
"2122",2018-10-08,58,0
"2123",2018-10-08,59,0
"2124",2018-10-08,60,0
"2125",2018-10-08,61,0
"2126",2018-10-08,62,0
"2127",2018-10-08,63,0
"2128",2018-10-08,64,0
"2129",2018-10-08,65,0
"2130",2018-10-08,66,0
"2131",2018-10-08,67,0
"2132",2018-10-08,68,0
"2133",2018-10-08,69,0
"2134",2018-10-08,70,0
"2135",2018-10-08,71,0
"2136",2018-10-08,72,0
"2137",2018-10-08,73,0
"2138",2018-10-08,74,0
"2139",2018-10-08,75,0
"2140",2018-10-08,76,0
"2141",2018-10-08,77,0
"2142",2018-10-08,78,0
"2143",2018-10-08,79,0
"2144",2018-10-08,80,0
"2145",2018-10-08,81,0
"2146",2018-10-08,82,0
"2147",2018-10-08,83,0
"2148",2018-10-08,84,0
"2149",2018-10-08,85,0
"2150",2018-10-08,86,0
"2151",2018-10-15,1,0
"2152",2018-10-15,2,0
"2153",2018-10-15,3,0
"2154",2018-10-15,4,0
"2155",2018-10-15,5,0
"2156",2018-10-15,6,0
"2157",2018-10-15,7,0
"2158",2018-10-15,8,0
"2159",2018-10-15,9,0
"2160",2018-10-15,10,0
"2161",2018-10-15,11,0
"2162",2018-10-15,12,0
"2163",2018-10-15,13,0
"2164",2018-10-15,14,0
"2165",2018-10-15,15,0
"2166",2018-10-15,16,0
"2167",2018-10-15,17,0
"2168",2018-10-15,18,0
"2169",2018-10-15,19,0
"2170",2018-10-15,20,0
"2171",2018-10-15,21,0
"2172",2018-10-15,22,0
"2173",2018-10-15,23,0
"2174",2018-10-15,24,0
"2175",2018-10-15,25,0
"2176",2018-10-15,26,0
"2177",2018-10-15,27,0
"2178",2018-10-15,28,0
"2179",2018-10-15,29,0
"2180",2018-10-15,30,0
"2181",2018-10-15,31,0
"2182",2018-10-15,32,0
"2183",2018-10-15,33,0
"2184",2018-10-15,34,0
"2185",2018-10-15,35,0
"2186",2018-10-15,36,0
"2187",2018-10-15,37,0
"2188",2018-10-15,38,0
"2189",2018-10-15,39,0
"2190",2018-10-15,40,0
"2191",2018-10-15,41,0
"2192",2018-10-15,42,0
"2193",2018-10-15,43,0
"2194",2018-10-15,44,0
"2195",2018-10-15,45,0
"2196",2018-10-15,46,0
"2197",2018-10-15,47,0
"2198",2018-10-15,48,0
"2199",2018-10-15,49,0
"2200",2018-10-15,50,0
"2201",2018-10-15,51,0
"2202",2018-10-15,52,0
"2203",2018-10-15,53,0
"2204",2018-10-15,54,0
"2205",2018-10-15,55,0
"2206",2018-10-15,56,0
"2207",2018-10-15,57,0
"2208",2018-10-15,58,0
"2209",2018-10-15,59,0
"2210",2018-10-15,60,0
"2211",2018-10-15,61,0
"2212",2018-10-15,62,0
"2213",2018-10-15,63,0
"2214",2018-10-15,64,0
"2215",2018-10-15,65,0
"2216",2018-10-15,66,0
"2217",2018-10-15,67,0
"2218",2018-10-15,68,0
"2219",2018-10-15,69,0
"2220",2018-10-15,70,0
"2221",2018-10-15,71,0
"2222",2018-10-15,72,0
"2223",2018-10-15,73,0
"2224",2018-10-15,74,0
"2225",2018-10-15,75,0
"2226",2018-10-15,76,0
"2227",2018-10-15,77,0
"2228",2018-10-15,78,0
"2229",2018-10-15,79,0
"2230",2018-10-15,80,0
"2231",2018-10-15,81,0
"2232",2018-10-15,82,0
"2233",2018-10-15,83,0
"2234",2018-10-15,84,0
"2235",2018-10-15,85,0
"2236",2018-10-15,86,0
